PTM pattern,amount of PTMs,mass error (Da),mass shift
1[Cys],1,0.47157067747369297,118.67072932252631
1[Ph]1[Ox]1[Na],3,0.7096293225263111,118.67072932252631
1[Ph]1[Me3]2[Cys-Cys],4,0.6429293225263137,118.67072932252631
2[Me2]1[Me3]1[Cys-Cys]1[Na],5,0.5187293225263261,118.67072932252631
1[Ac]1[Me3]1[Ox]2[Cys-Cys]1[Na],6,0.604929322526317,118.67072932252631
1[Ac]2[Me3]4[Cys-Cys],7,0.5382293225263055,118.67072932252631
1[Me3]1[Ox]3[Cys-Cys]3[Na],8,0.6939293225263157,118.67072932252631
2[Me3]5[Cys-Cys]2[Na],9,0.6272293225263184,118.67072932252631
1[Me1]2[Me2]1[Me3]1[Ox]5[Cys-Cys],10,0.5381293225263164,118.67072932252631
5[Me1]2[Me2]4[Cys-Cys],11,0.4949293225263176,118.67072932252631
1[Cys],1,0.7098730985885311,119.85217309858854
1[Ph]1[Ac]1[Cys-Cys],3,0.14852690141147207,119.85217309858854
1[Ph]1[Me3]1[Cys-Cys],3,0.19152690141146422,119.85217309858854
1[Ph]1[Me1]1[Me2]1[Cys-Cys],4,0.19162690141146754,119.85217309858854
2[Ac]1[Me1]1[Na],4,0.22962690141147846,119.85217309858854
1[Ac]1[Me1]1[Me3]1[Na],4,0.2726269014114564,119.85217309858854
1[Me1]2[Me3]1[Na],4,0.31562690141146277,119.85217309858854
2[Me2]1[Me3]1[Na],4,0.3157269014114661,119.85217309858854
1[Ph]2[Cys-Cys]2[Na],5,0.05952690141145922,119.85217309858854
1[Ph]1[Me2]1[Ox]2[Cys-Cys],5,0.14852690141145786,119.85217309858854
1[Ph]1[Ac]1[Cys-Cys],3,0.7912265894233741,120.79192658942338
2[Me2]1[Me3]1[Na],4,0.6240265894233801,120.79192658942338
1[Ph]1[Me2]1[Ox]2[Cys-Cys],5,0.7912265894233883,120.79192658942338
1[Ph]2[Me1]1[Ox]2[Cys-Cys],6,0.7912265894233883,120.79192658942338
3[Me1]1[Me3]1[Ox]1[Cys-Cys]1[Na],7,0.6671265894233898,120.79192658942338
4[Me1]1[Cys-Cys]3[Na],8,0.7560265894233851,120.79192658942338
4[Me2]1[Ox]4[Cys-Cys],9,0.6433265894233813,120.79192658942338
1[Ac]1[Me1]1[Me3]2[Ox]5[Cys-Cys],10,0.7296265894233755,120.79192658942338
1[Me1]7[Ox]3[Cys-Cys],11,0.8172265894233846,120.79192658942338
4[Me1]1[Me3]2[Ox]5[Cys-Cys],12,0.6865265894233801,120.79192658942338
1[Ph]1[Ac],2,0.2913688990202843,121.72523110097973
1[Ph]1[Me3],2,0.33436889902027644,121.72523110097973
1[Ph]1[Me1]1[Me2],3,0.33446889902026555,121.72523110097973
1[Ph]1[Cys-Cys]2[Na],4,0.20236889902027144,121.72523110097973
1[Ph]1[Me2]1[Ox]1[Cys-Cys],4,0.2913688990202701,121.72523110097973
2[Ac]1[Ox]1[Na],4,0.3293688990202668,121.72523110097973
1[Ph]3[Me1],4,0.33446889902026555,121.72523110097973
1[Ac]1[Me3]1[Ox]1[Na],4,0.37236889902027315,121.72523110097973
2[Me3]1[Ox]1[Na],4,0.4153688990202653,121.72523110097973
1[Ph]2[Me1]1[Ox]1[Cys-Cys],5,0.2913688990202701,121.72523110097973
1[Ox]1[Cys],2,0.32454833273357053,134.81715166726644
1[Ph]2[Me2]1[Cys-Cys],4,0.7467516672664374,134.81715166726644
1[Cys]3[Cys-Cys]1[Na],5,0.25924833273356285,134.81715166726644
4[Me2]1[Na],5,0.6225516672664355,134.81715166726644
2[Me2]1[Me3]1[Ox]1[Cys-Cys]1[Na],6,0.6657516672664485,134.81715166726644
1[Ph]1[Me2]2[Ox]3[Cys-Cys],7,0.8329516672664283,134.81715166726644
5[Me2]3[Cys-Cys],8,0.5988516672664446,134.81715166726644
2[Me1]4[Me2]3[Cys-Cys],9,0.5988516672664446,134.81715166726644
1[Me2]2[Me3]2[Ox]5[Cys-Cys],10,0.6852516672664422,134.81715166726644
1[Ac]2[Me1]1[Me3]2[Ox]5[Cys-Cys],11,0.7282516672664485,134.81715166726644
1[Ox]1[Cys],2,0.6763817607862848,135.8180817607863
1[Ph]1[Ac]1[Me1],3,0.22511823921371388,135.8180817607863
1[Ph]1[Me1]1[Me3],3,0.2681182392136918,135.8180817607863
1[Ph]2[Me2],3,0.26821823921369514,135.8180817607863
1[Ph]1[Ac]1[Ox]1[Cys-Cys],4,0.1820182392137326,135.8180817607863
1[Ph]1[Me3]1[Ox]1[Cys-Cys],4,0.22501823921371056,135.8180817607863
1[Ph]2[Me1]1[Me2],4,0.26821823921369514,135.8180817607863
1[Ph]1[Me1]1[Cys-Cys]2[Na],5,0.13611823921371524,135.8180817607863
1[Ac]1[Me2]3[Na],5,0.21721823921370742,135.8180817607863
1[Me2]1[Me3]3[Na],5,0.2602182392137138,135.8180817607863
1[Cys]1[Cys-Cys]1[Na],3,0.37927433912898323,138.72892566087103
1[Ph]1[Me1]2[Na],4,0.7588256608710253,138.72892566087103
1[Ph]3[Me1]1[Ox],5,0.6698256608710267,138.72892566087103
1[Me2]1[Cys]4[Cys-Cys],6,0.4029743391289742,138.72892566087103
5[Me2]1[Cys-Cys],6,0.4788256608710242,138.72892566087103
2[Me1]1[Cys]4[Cys-Cys],7,0.4029743391289742,138.72892566087103
2[Me1]4[Me2]1[Cys-Cys],7,0.4788256608710242,138.72892566087103
1[Me1]1[Ox]1[Cys]5[Cys-Cys],8,0.3598743391289929,138.72892566087103
1[Ac]1[Me3]1[Ox]3[Cys-Cys]2[Na],8,0.6972256608709984,138.72892566087103
3[Me3]5[Cys-Cys]1[Na],9,0.5875256608710231,138.72892566087103
2[Ph]1[Ox],3,0.5148933344801208,176.47409333448013
1[Ac]1[Ox]1[Cys],3,0.70430666551988,176.47409333448013
1[Me3]1[Ox]1[Cys],3,0.7473066655198863,176.47409333448013
1[Me1]1[Cys]2[Na],4,0.6584066655198626,176.47409333448013
1[Me1]1[Me2]1[Ox]1[Cys],4,0.7474066655198897,176.47409333448013
1[Me2]3[Me3]1[Na],5,0.19999333448012635,176.47409333448013
1[Ox]1[Cys]1[Cys-Cys]2[Na],5,0.6153066655198813,176.47409333448013
1[Me2]2[Ox]1[Cys]1[Cys-Cys],5,0.7043066655198515,176.47409333448013
3[Me1]1[Ox]1[Cys],5,0.7474066655198897,176.47409333448013
4[Me2]1[Me3]1[Na],6,0.19979333448014813,176.47409333448013
1[Ac]1[Ox]1[Cys],3,0.6173560012218786,177.7957560012219
1[Ph]2[Ac]1[Me1],4,0.28414399877812,177.7957560012219
1[Ph]1[Ac]1[Me1]1[Me3],4,0.3271439987781264,177.7957560012219
1[Ph]1[Me1]2[Me3],4,0.37014399877810433,177.7957560012219
1[Ph]2[Me2]1[Me3],4,0.37024399877810765,177.7957560012219
2[Ph]2[Cys-Cys]1[Na],5,0.11404399877810079,177.7957560012219
1[Ph]2[Ac]1[Ox]1[Cys-Cys],5,0.24104399877813876,177.7957560012219
1[Ph]1[Ac]1[Me3]1[Ox]1[Cys-Cys],5,0.2840439987781451,177.7957560012219
1[Ph]2[Me3]1[Ox]1[Cys-Cys],5,0.32704399877812307,177.7957560012219
1[Ph]2[Me1]1[Me2]1[Me3],5,0.37024399877810765,177.7957560012219
1[Ox]1[Cys]2[Na],4,0.2881483327335559,178.81715166726644
1[Me2]2[Ox]1[Cys],4,0.3771483327335545,178.81715166726644
1[Ph]1[Ac]1[Me1]1[Me3],4,0.6942516672664283,178.81715166726644
1[Ac]1[Cys]2[Cys-Cys]1[Na],5,0.31184833273357526,178.81715166726644
1[Me3]1[Cys]2[Cys-Cys]1[Na],5,0.3548483327335532,178.81715166726644
2[Me1]2[Ox]1[Cys],5,0.3771483327335545,178.81715166726644
1[Ph]1[Me1]3[Me2],5,0.6510516672664437,178.81715166726644
1[Me1]3[Ox]1[Cys]1[Cys-Cys],6,0.33404833273357326,178.81715166726644
1[Me1]1[Me2]1[Cys]2[Cys-Cys]1[Na],6,0.3549483327335565,178.81715166726644
1[Ph]2[Me2]1[Cys-Cys]2[Na],6,0.783151667266452,178.81715166726644
2[Ph]1[Cys-Cys]1[Na],4,0.42375560441018933,179.50194439558982
1[Ph]2[Ac]1[Ox],4,0.5507556044101989,179.50194439558982
1[Ph]1[Ac]1[Me3]1[Ox],4,0.5937556044102053,179.50194439558982
1[Ph]2[Me3]1[Ox],4,0.6367556044101832,179.50194439558982
1[Ph]1[Ac]1[Me1]2[Na],5,0.5048556044101815,179.50194439558982
1[Ph]1[Me1]1[Me3]2[Na],5,0.5478556044101879,179.50194439558982
1[Ph]1[Ac]1[Me1]1[Me2]1[Ox],5,0.5938556044102086,179.50194439558982
1[Ph]1[Me1]1[Me2]1[Me3]1[Ox],5,0.6368556044101865,179.50194439558982
1[Ph]1[Ac]1[Ox]1[Cys-Cys]2[Na],6,0.46175560441020025,179.50194439558982
2[Ac]1[Me3]2[Ox]1[Na],6,0.6317556044101877,179.50194439558982
1[Ac]1[Cys]1[Cys-Cys]1[Na],4,0.29966889902493676,180.84523110097507
1[Me3]1[Cys]1[Cys-Cys]1[Na],4,0.34266889902494313,180.84523110097507
1[Me1]3[Ox]1[Cys],5,0.32186889902493476,180.84523110097507
1[Me1]1[Me2]1[Cys]1[Cys-Cys]1[Na],5,0.34276889902494645,180.84523110097507
1[Ph]1[Ac]1[Me1]2[Na],5,0.8384311009750718,180.84523110097507
1[Cys]2[Cys-Cys]3[Na],6,0.21066889902493813,180.84523110097507
4[Ox]1[Cys]1[Cys-Cys],6,0.2787688990249251,180.84523110097507
1[Me2]1[Ox]1[Cys]2[Cys-Cys]1[Na],6,0.29966889902493676,180.84523110097507
3[Me1]1[Cys]1[Cys-Cys]1[Na],6,0.34276889902494645,180.84523110097507
1[Ac]2[Me3]2[Ox]1[Na],6,0.6685311009750876,180.84523110097507
1[Ph]1[Cys],2,0.43800196001598124,198.68419803998404
1[Ac]1[Ox]1[Cys]1[Na],4,0.47600196001596373,198.68419803998404
1[Me3]1[Ox]1[Cys]1[Na],4,0.5190019600159417,198.68419803998404
2[Ph]1[Ox]1[Na],4,0.743198039984037,198.68419803998404
1[Me1]1[Cys]3[Na],5,0.4301019600159748,198.68419803998404
2[Ac]1[Cys]2[Cys-Cys],5,0.4997019600159547,198.68419803998404
1[Me1]1[Me2]1[Ox]1[Cys]1[Na],5,0.5191019600159734,198.68419803998404
1[Ac]1[Me3]1[Cys]2[Cys-Cys],5,0.542701960015961,198.68419803998404
2[Me3]1[Cys]2[Cys-Cys],5,0.5857019600159674,198.68419803998404
1[Ph]2[Me2]1[Me3]1[Cys-Cys]1[Na],6,0.5522980399840378,198.68419803998404
1[Ph]1[Cys],2,0.5993074133637037,199.72150741336372
2[Ph]1[Ac]1[Cys-Cys],4,0.2590925866362852,199.72150741336372
2[Ph]1[Me3]1[Cys-Cys],4,0.30209258663629157,199.72150741336372
1[Ac]1[Ox]1[Cys]1[Na],4,0.5613074133637213,199.72150741336372
2[Ph]1[Me1]1[Me2]1[Cys-Cys],5,0.3021925866362949,199.72150741336372
1[Ph]2[Ac]1[Me1]1[Na],5,0.3401925866362774,199.72150741336372
1[Ph]1[Ac]1[Me1]1[Me3]1[Na],5,0.38319258663628375,199.72150741336372
1[Ph]1[Me1]2[Me3]1[Na],5,0.4261925866362901,199.72150741336372
2[Ph]2[Cys-Cys]2[Na],6,0.17009258663628657,199.72150741336372
1[Ph]2[Me3]1[Ox]1[Cys-Cys]1[Na],6,0.38309258663630885,199.72150741336372
2[Ac]1[Cys]1[Cys-Cys],4,0.3690897780376474,200.83071022196236
1[Ac]1[Me3]1[Cys]1[Cys-Cys],4,0.41208977803762536,200.83071022196236
2[Me3]1[Cys]1[Cys-Cys],4,0.45508977803763173,200.83071022196236
2[Ph]1[Ac]1[Cys-Cys],4,0.8501102219623533,200.83071022196236
1[Ox]1[Cys]3[Na],5,0.25638977803765783,200.83071022196236
1[Me2]2[Ox]1[Cys]1[Na],5,0.34538977803765647,200.83071022196236
1[Ac]1[Me1]1[Me2]1[Cys]1[Cys-Cys],5,0.4121897780376571,200.83071022196236
1[Me1]1[Me2]1[Me3]1[Cys]1[Cys-Cys],5,0.4551897780376635,200.83071022196236
1[Ph]1[Ac]2[Me2]1[Na],5,0.7259102219623514,200.83071022196236
1[Ph]1[Ac]2[Me1]1[Me2]1[Na],6,0.7259102219623514,200.83071022196236
2[Ph]1[Ac],3,0.2230118236609826,201.77348817633901
2[Ph]1[Me3],3,0.26601182366098897,201.77348817633901
2[Ph]1[Me1]1[Me2],4,0.2661118236609923,201.77348817633901
2[Ph]1[Cys-Cys]2[Na],5,0.13401182366101239,201.77348817633901
2[Ph]1[Me2]1[Ox]1[Cys-Cys],5,0.22301182366101102,201.77348817633901
1[Ph]2[Ac]1[Ox]1[Na],5,0.2610118236609935,201.77348817633901
2[Ph]3[Me1],5,0.2661118236609923,201.77348817633901
1[Ph]1[Ac]1[Me3]1[Ox]1[Na],5,0.3040118236609999,201.77348817633901
1[Ph]2[Me3]1[Ox]1[Na],5,0.34701182366100625,201.77348817633901
1[Ph]2[Me2]3[Na],6,0.25821182366098583,201.77348817633901
1[Ph]1[Ox]1[Cys],3,0.3342043481985115,214.7873956518015
1[Ac]2[Ox]1[Cys]1[Na],5,0.37220434819852244,214.7873956518015
1[Me3]2[Ox]1[Cys]1[Na],5,0.4152043481985288,214.7873956518015
2[Ac]1[Me1]1[Cys]1[Cys-Cys],5,0.4390043481985231,214.7873956518015
1[Ac]1[Me1]1[Me3]1[Cys]1[Cys-Cys],5,0.48200434819852944,214.7873956518015
1[Ac]2[Me2]1[Cys]1[Cys-Cys],5,0.48210434819850434,214.7873956518015
1[Me1]2[Me3]1[Cys]1[Cys-Cys],5,0.5250043481985358,214.7873956518015
1[Ph]1[Cys]3[Cys-Cys]1[Na],6,0.26890434819853226,214.7873956518015
1[Me1]1[Ox]1[Cys]3[Na],6,0.32630434819850507,214.7873956518015
1[Ph]4[Me2]1[Na],6,0.6128956518014661,214.7873956518015
1[Ph]1[Ox]1[Cys],3,0.6791826799221212,215.80078267992212
2[Ph]1[Ac]1[Me1],4,0.2223173200778774,215.80078267992212
2[Ph]1[Me1]1[Me3],4,0.2653173200778838,215.80078267992212
2[Ph]2[Me2],4,0.2654173200778871,215.80078267992212
2[Ph]1[Ac]1[Ox]1[Cys-Cys],5,0.17921732007789615,215.80078267992212
2[Ph]1[Me3]1[Ox]1[Cys-Cys],5,0.2222173200779025,215.80078267992212
2[Ph]2[Me1]1[Me2],5,0.2654173200778871,215.80078267992212
1[Me3]2[Ox]1[Cys]1[Na],5,0.5981826799221039,215.80078267992212
2[Ph]1[Me1]1[Cys-Cys]2[Na],6,0.13331732007787878,215.80078267992212
1[Ph]1[Me2]1[Me3]3[Na],6,0.2574173200778773,215.80078267992212
2[Ph]1[Ac]1[Me1],4,0.5610980399782193,216.58419803997822
2[Ac]1[Me1]1[Cys],4,0.6581019600217815,216.58419803997822
1[Ac]1[Me1]1[Me3]1[Cys],4,0.7011019600217878,216.58419803997822
1[Me1]2[Me3]1[Cys],4,0.7441019600217942,216.58419803997822
1[Ph]1[Cys]2[Cys-Cys]1[Na],5,0.48800196002179064,216.58419803997822
2[Ac]1[Ox]1[Cys]1[Cys-Cys],5,0.6150019600218002,216.58419803997822
1[Ac]1[Me3]1[Ox]1[Cys]1[Cys-Cys],5,0.6580019600218066,216.58419803997822
2[Me3]1[Ox]1[Cys]1[Cys-Cys],5,0.7010019600217845,216.58419803997822
2[Me1]1[Me2]1[Me3]1[Cys],5,0.7442019600217975,216.58419803997822
1[Me1]3[Me2]1[Cys],5,0.7443019600218008,216.58419803997822
2[Ph]1[Ac]1[Ox],4,0.3251706774736931,217.6707293225263
2[Ph]1[Me3]1[Ox],4,0.36817067747369947,217.6707293225263
2[Ph]1[Me1]2[Na],5,0.27927067747370415,217.6707293225263
2[Ph]1[Me1]1[Me2]1[Ox],5,0.3682706774737028,217.6707293225263
1[Ph]1[Cys]2[Cys-Cys]1[Na],5,0.5985293225263035,217.6707293225263
2[Ph]1[Ox]1[Cys-Cys]2[Na],6,0.2361706774737229,217.6707293225263
2[Ph]1[Me2]2[Ox]1[Cys-Cys],6,0.3251706774736931,217.6707293225263
1[Ph]2[Ac]2[Ox]1[Na],6,0.363170677473704,217.6707293225263
2[Ph]3[Me1]1[Ox],6,0.3682706774737028,217.6707293225263
1[Ph]1[Ac]1[Me3]2[Ox]1[Na],6,0.4061706774737104,217.6707293225263
1[Ph]1[Cys]1[Cys-Cys]1[Na],4,0.7111187674826738,219.79921876748267
2[Ph]1[Ox]2[Na],5,0.12358123251735265,219.79921876748267
2[Ph]1[Me2]2[Ox],5,0.21258123251732286,219.79921876748267
1[Ph]3[Ac]1[Me1],5,0.31738123251736283,219.79921876748267
1[Ph]2[Ac]1[Me1]1[Me3],5,0.3603812325173408,219.79921876748267
1[Ph]1[Ac]1[Me1]2[Me3],5,0.4033812325173187,219.79921876748267
1[Ph]1[Me1]3[Me3],5,0.4463812325173251,219.79921876748267
2[Ph]1[Ac]2[Cys-Cys]1[Na],6,0.14728123251731517,219.79921876748267
2[Ph]1[Me3]2[Cys-Cys]1[Na],6,0.19028123251732154,219.79921876748267
1[Ph]5[Me2],6,0.44668123251733505,219.79921876748267
1[Ph]1[Ac]1[Ox]1[Cys],4,0.46757067747694236,256.6907293225231
1[Ph]1[Me3]1[Ox]1[Cys],4,0.5105706774768919,256.6907293225231
3[Ph]1[Ox],4,0.7516293225230868,256.6907293225231
1[Ph]1[Me1]1[Cys]2[Na],5,0.42167067747686815,256.6907293225231
1[Ph]1[Me1]1[Me2]1[Ox]1[Cys],5,0.5106706774769236,256.6907293225231
1[Ph]1[Ox]1[Cys]1[Cys-Cys]2[Na],6,0.3785706774768869,256.6907293225231
1[Ph]1[Me2]2[Ox]1[Cys]1[Cys-Cys],6,0.4675706774768855,256.6907293225231
2[Ac]2[Ox]1[Cys]1[Na],6,0.5055706774768964,256.6907293225231
1[Ph]3[Me1]1[Ox]1[Cys],6,0.5106706774769236,256.6907293225231
2[Ph]2[Me2]1[Me3]1[Cys-Cys],6,0.560729322523116,256.6907293225231
2[Cys]1[Cys-Cys]1[Na],4,0.4231043481976826,257.82739565180236
2[Ph]2[Ac]1[Me1],5,0.23240434819763323,257.82739565180236
2[Ph]1[Ac]1[Me1]1[Me3],5,0.2754043481976396,257.82739565180236
2[Ph]1[Me1]2[Me3],5,0.31840434819764596,257.82739565180236
2[Ph]2[Me2]1[Me3],5,0.31850434819762086,257.82739565180236
3[Ph]2[Cys-Cys]1[Na],6,0.062304348197699255,257.82739565180236
2[Ph]2[Ac]1[Ox]1[Cys-Cys],6,0.18930434819765196,257.82739565180236
2[Ph]1[Ac]1[Me3]1[Ox]1[Cys-Cys],6,0.23230434819765833,257.82739565180236
2[Ph]2[Me3]1[Ox]1[Cys-Cys],6,0.2753043481976647,257.82739565180236
2[Ph]2[Me1]1[Me2]1[Me3],6,0.31850434819762086,257.82739565180236
2[Cys]1[Cys-Cys]1[Na],4,0.6102826799197487,258.8607826799198
1[Ph]1[Ox]1[Cys]2[Na],5,0.22441732008019244,258.8607826799198
1[Ph]1[Me2]2[Ox]1[Cys],5,0.3134173200802479,258.8607826799198
3[Ac]1[Me1]1[Cys],5,0.4182173200802026,258.8607826799198
2[Ac]1[Me1]1[Me3]1[Cys],5,0.461217320080209,258.8607826799198
1[Ac]1[Me1]2[Me3]1[Cys],5,0.5042173200802154,258.8607826799198
1[Me1]3[Me3]1[Cys],5,0.5472173200802217,258.8607826799198
2[Ph]2[Me2]1[Me3],5,0.7148826799198105,258.8607826799198
1[Ph]1[Ac]1[Cys]2[Cys-Cys]1[Na],6,0.2481173200802118,258.8607826799198
2[Ph]1[Me1]3[Me2],6,0.7147826799197787,258.8607826799198
1[Ph]1[Ac]2[Ox]1[Cys],5,0.4103043481993609,272.7473956518006
1[Ph]1[Me3]2[Ox]1[Cys],5,0.45330434819936727,272.7473956518006
3[Ac]1[Me2]1[Cys],5,0.5582043481994106,272.7473956518006
2[Ac]1[Me2]1[Me3]1[Cys],5,0.6012043481994169,272.7473956518006
1[Ac]1[Me2]2[Me3]1[Cys],5,0.6442043481994233,272.7473956518006
2[Ph]2[Ac]1[Me2],5,0.6609956518005902,272.7473956518006
1[Me2]3[Me3]1[Cys],5,0.6872043481994297,272.7473956518006
2[Ph]1[Cys]3[Cys-Cys],6,0.3070043481993707,272.7473956518006
1[Ph]1[Me1]1[Ox]1[Cys]2[Na],6,0.3644043481994004,272.7473956518006
2[Ph]4[Me2],6,0.5747956518006276,272.7473956518006
2[Ph]1[Me1]1[Cys],4,0.3986956517994713,293.52739565179945
1[Ac]1[Me1]2[Cys],4,0.8205043482005863,293.52739565179945
1[Me1]1[Me3]2[Cys],4,0.8635043482005358,293.52739565179945
2[Ph]1[Ox]1[Cys]1[Cys-Cys],5,0.44179565179945257,293.52739565179945
1[Ac]1[Ox]2[Cys]1[Cys-Cys],5,0.7774043482005482,293.52739565179945
1[Me3]1[Ox]2[Cys]1[Cys-Cys],5,0.8204043482005545,293.52739565179945
2[Me1]1[Me2]2[Cys],5,0.8636043482005675,293.52739565179945
3[Ph]2[Ox]1[Na],6,0.39290434820060227,293.52739565179945
3[Ph]1[Ac]1[Me1]1[Cys-Cys],6,0.45970434820054606,293.52739565179945
2[Ph]1[Ac]1[Me2]1[Me3]1[Na],6,0.5838043482005446,293.52739565179945
1[Ac]1[Ox]2[Cys],4,0.1582256608710395,296.478925660871
3[Ph]2[Me2],5,0.4328256608710035,296.478925660871
1[Ph]2[Ac]1[Me1]1[Cys],5,0.743274339129016,296.478925660871
1[Ph]1[Ac]1[Me1]1[Me3]1[Cys],5,0.7862743391290223,296.478925660871
1[Ph]1[Me1]2[Me3]1[Cys],5,0.8292743391289719,296.478925660871
2[Ph]1[Cys]2[Cys-Cys]1[Na],6,0.5731743391289683,296.478925660871
1[Ph]2[Ac]1[Ox]1[Cys]1[Cys-Cys],6,0.7001743391289779,296.478925660871
1[Ph]1[Ac]1[Me3]1[Ox]1[Cys]1[Cys-Cys],6,0.7431743391289842,296.478925660871
1[Ph]2[Me3]1[Ox]1[Cys]1[Cys-Cys],6,0.7861743391289906,296.478925660871
1[Ph]1[Me1]3[Me2]1[Cys],6,0.8294743391289785,296.478925660871
3[Ph]1[Ac]1[Ox],5,0.36149406326137523,297.6143059367387
3[Ph]1[Me3]1[Ox],5,0.40449406326132475,297.6143059367387
1[Ox]2[Cys]2[Na],5,0.63329406326136,297.6143059367387
1[Me2]2[Ox]2[Cys],5,0.7222940632613586,297.6143059367387
3[Ph]1[Me1]2[Na],6,0.315594063261301,297.6143059367387
3[Ph]1[Me1]1[Me2]1[Ox],6,0.4045940632613565,297.6143059367387
2[Ph]1[Cys]2[Cys-Cys]1[Na],6,0.5622059367386782,297.6143059367387
1[Ac]2[Cys]2[Cys-Cys]1[Na],6,0.6569940632613225,297.6143059367387
1[Me3]2[Cys]2[Cys-Cys]1[Na],6,0.6999940632613288,297.6143059367387
2[Me1]2[Ox]2[Cys],6,0.7222940632613586,297.6143059367387
2[Ph]1[Cys]1[Cys-Cys]1[Na],5,0.5003319954273593,298.5676680045726
1[Ph]2[Ac]1[Ox]1[Cys],5,0.6273319954274257,298.5676680045726
1[Ph]1[Ac]1[Me3]1[Ox]1[Cys],5,0.670331995427432,298.5676680045726
1[Ph]2[Me3]1[Ox]1[Cys],5,0.7133319954273816,298.5676680045726
1[Ph]1[Ac]1[Me1]1[Cys]2[Na],6,0.5814319954273515,298.5676680045726
1[Ph]1[Me1]1[Me3]1[Cys]2[Na],6,0.6244319954273578,298.5676680045726
1[Ph]1[Ac]1[Me1]1[Me2]1[Ox]1[Cys],6,0.670431995427407,298.5676680045726
1[Ph]1[Me1]1[Me2]1[Me3]1[Ox]1[Cys],6,0.7134319954274133,298.5676680045726
1[Ph]3[Me2]1[Ox]1[Cys],6,0.7135319954273882,298.5676680045726
3[Ph]3[Me1]1[Ox],7,0.5487680045725938,298.5676680045726
2[Ph]1[Me2]1[Cys],4,0.5427817607909446,307.69808176079096
1[Ac]1[Me2]2[Cys],4,0.6764182392090561,307.69808176079096
1[Me2]1[Me3]2[Cys],4,0.7194182392090624,307.69808176079096
2[Ph]2[Me1]1[Cys],5,0.5427817607909446,307.69808176079096
1[Ac]2[Me1]2[Cys],5,0.6764182392090561,307.69808176079096
2[Me1]1[Me3]2[Cys],5,0.7194182392090624,307.69808176079096
3[Ph]1[Ac]1[Me2]1[Cys-Cys],6,0.3156182392090727,307.69808176079096
2[Ph]3[Ac]1[Na],6,0.3536182392090268,307.69808176079096
3[Ph]1[Me2]1[Me3]1[Cys-Cys],6,0.3586182392090791,307.69808176079096
3[Me1]1[Me2]2[Cys],6,0.7195182392090373,307.69808176079096
2[Ph]2[Ox]1[Cys],5,0.3895844642489692,310.71131553575105
1[Ph]2[Ac]1[Me2]1[Cys],5,0.537484464248962,310.71131553575105
1[Ph]1[Ac]1[Me2]1[Me3]1[Cys],5,0.5804844642489684,310.71131553575105
1[Ph]1[Me2]2[Me3]1[Cys],5,0.6234844642489179,310.71131553575105
3[Ph]1[Ac]1[Me2],5,0.6817155357510387,310.71131553575105
1[Ph]2[Ac]2[Me1]1[Cys],6,0.537484464248962,310.71131553575105
1[Ph]1[Ac]2[Me1]1[Me3]1[Cys],6,0.5804844642489684,310.71131553575105
1[Ph]2[Me1]2[Me3]1[Cys],6,0.6234844642489179,310.71131553575105
3[Ph]1[Me1]2[Me2],6,0.6386155357510575,310.71131553575105
3[Ph]2[Me2]1[Ox]1[Cys-Cys],7,0.6817155357510387,310.71131553575105
1[Ph]2[Cys]2[Cys-Cys],5,0.29442199922095824,314.527121999221
2[Ph]1[Me1]1[Cys]1[Na],5,0.583378000779021,314.527121999221
2[Ph]1[Ox]1[Cys]1[Cys-Cys]1[Na],6,0.5402780007790398,314.527121999221
3[Ph]1[Ac]2[Ox],6,0.5519219992209514,314.527121999221
1[Ph]2[Ac]2[Ox]1[Cys],6,0.6672780007789925,314.527121999221
1[Ph]1[Ac]1[Me3]2[Ox]1[Cys],6,0.7102780007789988,314.527121999221
1[Ph]2[Me3]2[Ox]1[Cys],6,0.7532780007790052,314.527121999221
4[Ac]1[Me2]1[Cys],6,0.8151780007790421,314.527121999221
3[Ac]1[Me2]1[Me3]1[Cys],6,0.8581780007790485,314.527121999221
2[Ph]4[Me2]1[Me3],7,0.2748219992209897,314.527121999221
3[Cys]2[Cys-Cys],5,0.1522956517961802,353.54739565179625
1[Ph]1[Me1]2[Cys]1[Na],5,0.725504348203799,353.54739565179625
1[Ph]1[Ox]2[Cys]1[Cys-Cys]1[Na],6,0.682404348203761,353.54739565179625
2[Ac]2[Ox]2[Cys],6,0.8094043482037705,353.54739565179625
1[Ac]1[Me3]2[Ox]2[Cys],6,0.8524043482037769,353.54739565179625
1[Ph]4[Me2]1[Me3]1[Cys],7,0.13269565179626852,353.54739565179625
4[Ph]1[Me1]1[Cys-Cys]1[Na],7,0.36470434820375885,353.54739565179625
3[Ph]1[Ac]1[Me2]2[Na],7,0.44580434820375103,353.54739565179625
3[Ph]1[Me2]1[Me3]2[Na],7,0.4888043482037574,353.54739565179625
3[Ph]2[Ac]1[Me1]1[Ox],7,0.4917043482037684,353.54739565179625
1[Ph]1[Me1]2[Cys]1[Na],5,0.1778293225250991,354.45072932252515
3[Ph]1[Cys]2[Cys-Cys],6,0.5994706774748693,354.45072932252515
3[Ph]2[Me2]1[Me3]1[Ox],7,0.3255293225251421,354.45072932252515
2[Ph]2[Ox]1[Cys]2[Na],7,0.6137706774748608,354.45072932252515
2[Ph]1[Ac]1[Me1]1[Cys]1[Cys-Cys]1[Na],7,0.6805706774748614,354.45072932252515
2[Ph]1[Me2]3[Ox]1[Cys],7,0.7027706774748594,354.45072932252515
2[Ph]1[Me1]1[Me3]1[Cys]1[Cys-Cys]1[Na],7,0.7235706774748678,354.45072932252515
1[Ph]2[Ac]1[Me2]1[Cys]2[Na],7,0.7616706774748536,354.45072932252515
1[Ph]1[Ac]1[Me2]1[Me3]1[Cys]2[Na],7,0.80467067747486,354.45072932252515
1[Ph]3[Ac]1[Me1]1[Ox]1[Cys],7,0.807570677474871,354.45072932252515
3[Ph]1[Cys]1[Cys-Cys],5,0.6004399803969136,356.4656600196031
4[Ph]1[Me1]1[Na],6,0.537660019603095,356.4656600196031
2[Ph]1[Ac]1[Me1]1[Cys]1[Na],6,0.6815399803969058,356.4656600196031
2[Ph]1[Me1]1[Me3]1[Cys]1[Na],6,0.7245399803969121,356.4656600196031
2[Ph]4[Ac]1[Me2],7,0.30586001960307385,356.4656600196031
2[Ph]1[Ac]1[Ox]1[Cys]1[Cys-Cys]1[Na],7,0.6384399803969245,356.4656600196031
2[Ph]1[Me3]1[Ox]1[Cys]1[Cys-Cys]1[Na],7,0.6814399803969309,356.4656600196031
2[Ph]2[Me1]1[Me2]1[Cys]1[Na],7,0.724639980396887,356.4656600196031
1[Ph]3[Ac]2[Ox]1[Cys],7,0.7654399803968772,356.4656600196031
1[Ph]2[Ac]1[Me3]2[Ox]1[Cys],7,0.8084399803968836,356.4656600196031
3[Cys],3,0.19388267992178498,357.62078267992183
3[Ph]1[Cys]1[Cys-Cys],5,0.5546826799218252,357.62078267992183
1[Ph]1[Ac]2[Cys]1[Cys-Cys],5,0.6645173200781755,357.62078267992183
1[Ph]1[Me3]2[Cys]1[Cys-Cys],5,0.7075173200781819,357.62078267992183
4[Ph]1[Ox]1[Na],6,0.2800173200781728,357.62078267992183
2[Ph]2[Me2]1[Cys]1[Na],6,0.43048267992185174,357.62078267992183
1[Ph]1[Me1]1[Me2]2[Cys]1[Cys-Cys],6,0.7076173200781568,357.62078267992183
2[Ac]1[Me1]2[Cys]1[Na],6,0.7456173200781677,357.62078267992183
1[Ac]1[Me1]1[Me3]2[Cys]1[Na],6,0.7886173200781741,357.62078267992183
1[Me1]2[Me3]2[Cys]1[Na],6,0.8316173200781805,357.62078267992183
3[Ph]1[Cys],4,0.49104919696185334,358.59095080303814
1[Ph]1[Me3]2[Cys]1[Cys-Cys],5,0.2626508030381274,358.59095080303814
2[Ph]1[Ac]1[Ox]1[Cys]1[Na],6,0.5290491969618643,358.59095080303814
2[Ph]1[Me3]1[Ox]1[Cys]1[Na],6,0.5720491969618706,358.59095080303814
4[Ph]1[Ox]1[Na],6,0.6901508030381365,358.59095080303814
2[Ph]1[Me1]1[Cys]3[Na],7,0.4831491969619037,358.59095080303814
2[Ph]2[Ac]1[Cys]2[Cys-Cys],7,0.5527491969618836,358.59095080303814
2[Ph]1[Me1]1[Me2]1[Ox]1[Cys]1[Na],7,0.5721491969618455,358.59095080303814
2[Ph]1[Ac]1[Me3]1[Cys]2[Cys-Cys],7,0.5957491969618331,358.59095080303814
2[Ph]2[Me3]1[Cys]2[Cys-Cys],7,0.6387491969618395,358.59095080303814
1[Ph]1[Ac]2[Cys],4,0.6431182392099117,359.6580817607901
1[Ph]1[Me3]2[Cys],4,0.6861182392099181,359.6580817607901
1[Ph]1[Me1]1[Me2]2[Cys],5,0.686218239209893,359.6580817607901
4[Ph]1[Ac]1[Cys-Cys],6,0.2823182392099284,359.6580817607901
4[Ph]1[Me3]1[Cys-Cys],6,0.32531823920993475,359.6580817607901
1[Ph]2[Cys]1[Cys-Cys]2[Na],6,0.5541182392099699,359.6580817607901
1[Ph]1[Me2]1[Ox]2[Cys]1[Cys-Cys],6,0.6431182392099117,359.6580817607901
2[Ac]1[Ox]2[Cys]1[Na],6,0.6811182392099226,359.6580817607901
1[Ph]3[Me1]2[Cys],6,0.686218239209893,359.6580817607901
1[Ac]1[Me3]1[Ox]2[Cys]1[Na],6,0.724118239209929,359.6580817607901
3[Ph]1[Ox]1[Cys],5,0.6441411744863217,374.4372588255137
1[Ph]1[Me3]1[Ox]2[Cys]1[Cys-Cys],6,0.10955882551365903,374.4372588255137
1[Me1]2[Me3]1[Ox]2[Cys]1[Na],7,0.01454117448628267,374.4372588255137
3[Ph]1[Ac]1[Me2]1[Me3]1[Na],7,0.34615882551366894,374.4372588255137
2[Ph]1[Ac]2[Ox]1[Cys]1[Na],7,0.6821411744863326,374.4372588255137
2[Ph]1[Me3]2[Ox]1[Cys]1[Na],7,0.725141174486339,374.4372588255137
2[Ph]2[Ac]1[Me1]1[Cys]1[Cys-Cys],7,0.7489411744863332,374.4372588255137
2[Ph]1[Ac]1[Me1]1[Me3]1[Cys]1[Cys-Cys],7,0.7919411744862828,374.4372588255137
1[Ph]3[Ac]1[Me2]1[Cys]1[Na],7,0.8300411744863254,374.4372588255137
2[Ph]1[Me1]2[Me3]1[Cys]1[Cys-Cys],7,0.8349411744862891,374.4372588255137
3[Ph]1[Ox]1[Cys],5,0.3790171153477786,375.4604171153478
1[Ph]1[Ac]1[Ox]2[Cys],5,0.8401828846522221,375.4604171153478
4[Ph]1[Ac]1[Me1],6,0.5224828846521632,375.4604171153478
4[Ph]1[Me1]1[Me3],6,0.5654828846521696,375.4604171153478
4[Ph]2[Me2],6,0.5655828846522013,375.4604171153478
1[Ph]1[Me1]2[Cys]2[Na],6,0.7942828846522048,375.4604171153478
2[Ph]1[Me3]2[Ox]1[Cys]1[Na],7,0.2980171153477613,375.4604171153478
4[Ph]1[Ac]1[Ox]1[Cys-Cys],7,0.47938288465218193,375.4604171153478
4[Ph]1[Me3]1[Ox]1[Cys-Cys],7,0.5223828846521883,375.4604171153478
4[Ph]2[Me1]1[Me2],7,0.5655828846522013,375.4604171153478
3[Cys]1[Cys-Cys]1[Na],5,0.7760733411764704,376.6167266588236
2[Ph]2[Ac]1[Me1]1[Cys],6,0.585373341176421,376.6167266588236
4[Ph]2[Me2],6,0.5907266588235984,376.6167266588236
2[Ph]1[Ac]1[Me1]1[Me3]1[Cys],6,0.6283733411763706,376.6167266588236
2[Ph]1[Me1]2[Me3]1[Cys],6,0.6713733411763769,376.6167266588236
3[Ph]1[Cys]2[Cys-Cys]1[Na],7,0.4152733411764302,376.6167266588236
2[Ph]2[Ac]1[Ox]1[Cys]1[Cys-Cys],7,0.5422733411763829,376.6167266588236
2[Ph]1[Ac]1[Me3]1[Ox]1[Cys]1[Cys-Cys],7,0.5852733411763893,376.6167266588236
2[Ph]2[Me3]1[Ox]1[Cys]1[Cys-Cys],7,0.6282733411763957,376.6167266588236
4[Ph]1[Me3]1[Ox]1[Cys-Cys],7,0.6339266588236114,376.6167266588236
3[Cys]1[Cys-Cys]1[Na],5,0.07191457048020311,377.4647145704803
2[Ph]2[Me2]1[Me3]1[Cys],6,0.17651457048026487,377.4647145704803
4[Ph]1[Ac]1[Ox],6,0.4909854295196965,377.4647145704803
4[Ph]1[Me3]1[Ox],6,0.5339854295197028,377.4647145704803
1[Ph]1[Ox]2[Cys]2[Na],6,0.762785429519738,377.4647145704803
1[Ph]1[Me2]2[Ox]2[Cys],6,0.8517854295197367,377.4647145704803
3[Ph]1[Cys]2[Cys-Cys]1[Na],7,0.4327145704802433,377.4647145704803
4[Ph]1[Me1]2[Na],7,0.4450854295196791,377.4647145704803
4[Ph]1[Me1]1[Me2]1[Ox],7,0.5340854295196777,377.4647145704803
1[Ph]1[Ac]2[Cys]2[Cys-Cys]1[Na],7,0.7864854295197574,377.4647145704803
1[Me1]3[Me3]2[Cys],6,0.03314833273645945,378.51715166726353
2[Ac]1[Me1]1[Me3]2[Cys],6,0.05285166726349644,378.51715166726353
3[Ph]1[Cys]1[Cys-Cys]1[Na],6,0.5307483327364935,378.51715166726353
2[Ph]2[Ac]1[Ox]1[Cys],6,0.6577483327364462,378.51715166726353
2[Ph]1[Ac]1[Me3]1[Ox]1[Cys],6,0.7007483327364525,378.51715166726353
2[Ph]2[Me3]1[Ox]1[Cys],6,0.7437483327364589,378.51715166726353
2[Me1]1[Me2]2[Me3]2[Cys],7,0.03324833273649119,378.51715166726353
5[Me2]2[Cys],7,0.03344833273649783,378.51715166726353
2[Ph]1[Ac]1[Me1]1[Cys]2[Na],7,0.6118483327364856,378.51715166726353
2[Ph]1[Me1]1[Me3]1[Cys]2[Na],7,0.654848332736492,378.51715166726353
3[Ph]1[Me2]1[Cys],5,0.46780434820118444,386.66739565179887
1[Me1]1[Ox]3[Cys],5,0.7855043482011297,386.66739565179887
3[Ph]2[Me1]1[Cys],6,0.46780434820118444,386.66739565179887
2[Ox]3[Cys]1[Cys-Cys],6,0.7424043482012053,386.66739565179887
2[Ph]1[Ac]1[Cys]3[Na],7,0.4168043482011399,386.66739565179887
3[Ph]1[Me1]1[Ox]1[Cys]1[Cys-Cys],7,0.4247043482012032,386.66739565179887
2[Ph]1[Me3]1[Cys]3[Na],7,0.45980434820114624,386.66739565179887
2[Ph]1[Ac]1[Me2]1[Ox]1[Cys]1[Na],7,0.5058043482011385,386.66739565179887
2[Ph]1[Me2]1[Me3]1[Ox]1[Cys]1[Na],7,0.5488043482011449,386.66739565179887
4[Ph]2[Me1]1[Ox]1[Na],8,0.7133956517988622,386.66739565179887
1[Me1]3[Cys]1[Na],5,0.7239844642489857,392.71131553575105
1[Ph]1[Ac]2[Ox]2[Cys],6,0.4113155357510436,392.71131553575105
1[Ox]3[Cys]1[Cys-Cys]1[Na],6,0.6808844642490044,392.71131553575105
3[Ph]1[Me1]1[Cys]1[Cys-Cys]1[Na],7,0.3631844642490023,392.71131553575105
2[Ph]1[Ac]1[Me2]1[Cys]2[Na],7,0.4442844642489945,392.71131553575105
2[Ph]1[Me2]1[Me3]1[Cys]2[Na],7,0.48728446424900085,392.71131553575105
2[Ph]2[Ac]1[Me1]1[Ox]1[Cys],7,0.490184464248955,392.71131553575105
2[Ph]1[Ac]1[Me1]1[Me3]1[Ox]1[Cys],7,0.5331844642489614,392.71131553575105
2[Ph]1[Me1]2[Me3]1[Ox]1[Cys],7,0.5761844642489677,392.71131553575105
4[Ph]1[Me1]1[Me3]1[Ox],7,0.6860155357510962,392.71131553575105
1[Me1]3[Cys]1[Na],5,0.009639980397821546,393.4256600196022
2[Ph]2[Cys]2[Cys-Cys],6,0.7869399803977899,393.4256600196022
1[Me3]3[Cys]3[Cys-Cys],7,0.03323998039780918,393.4256600196022
4[Ph]1[Ac]2[Ox],7,0.5294399803977967,393.4256600196022
4[Ph]1[Me3]2[Ox],7,0.5724399803978031,393.4256600196022
3[Ph]3[Ac]1[Me2],7,0.6773399803977895,393.4256600196022
3[Ph]2[Ac]1[Me2]1[Me3],7,0.7203399803977959,393.4256600196022
3[Ph]1[Ac]1[Me2]2[Me3],7,0.7633399803978023,393.4256600196022
1[Ph]2[Ox]2[Cys]2[Na],7,0.8012399803977814,393.4256600196022
3[Ph]1[Me2]3[Me3],7,0.8063399803978086,393.4256600196022
2[Ph]2[Cys]2[Cys-Cys],6,0.31767042342727336,394.5302704234273
3[Ph]1[Me1]1[Cys]1[Na],6,0.5601295765727627,394.5302704234273
1[Me1]3[Me3]1[Ox]2[Cys],7,0.019429576572747465,394.5302704234273
3[Ph]3[Ac]1[Me2],7,0.4272704234272737,394.5302704234273
3[Ph]1[Ox]1[Cys]1[Cys-Cys]1[Na],7,0.5170295765727246,394.5302704234273
2[Ph]2[Ac]2[Ox]1[Cys],7,0.6440295765727342,394.5302704234273
2[Ph]1[Ac]1[Me3]2[Ox]1[Cys],7,0.6870295765727406,394.5302704234273
2[Ph]2[Me3]2[Ox]1[Cys],7,0.7300295765727469,394.5302704234273
1[Ph]4[Ac]1[Me2]1[Cys],7,0.7919295765727838,394.5302704234273
1[Ph]3[Ac]1[Me2]1[Me3]1[Cys],7,0.8349295765727902,394.5302704234273
2[Ph]2[Cys]1[Cys-Cys],5,0.817770677475778,395.4107293225243
1[Ac]3[Cys]2[Cys-Cys],6,0.021070677475790944,395.4107293225243
1[Me3]3[Cys]2[Cys-Cys],6,0.06407067747579731,395.4107293225243
3[Ph]1[Me1]1[Cys]1[Na],6,0.3203293225242305,395.4107293225243
1[Ph]1[Ac]1[Me2]3[Me3]1[Cys],7,0.04047067747569599,395.4107293225243
1[Me1]1[Me2]3[Cys]2[Cys-Cys],7,0.06417067747577221,395.4107293225243
1[Ph]1[Me2]4[Me3]1[Cys],7,0.08347067747570236,395.4107293225243
5[Ph]2[Cys-Cys],7,0.45697067747573783,395.4107293225243
1[Ph]1[Ac]1[Ox]2[Cys]1[Cys-Cys]1[Na],7,0.8557706774757889,395.4107293225243
4[Ph]2[Me2]1[Cys-Cys]1[Na],8,0.5811706774757681,395.4107293225243
5[Ph]1[Ox],6,0.5682219992233399,416.4671219992233
3[Ph]1[Ac]1[Ox]1[Cys],6,0.6509780007767176,416.4671219992233
3[Ph]1[Me3]1[Ox]1[Cys],6,0.693978000776724,416.4671219992233
2[Ph]2[Cys]2[Cys-Cys]1[Na],7,0.27272199922333584,416.4671219992233
3[Ph]1[Me1]1[Cys]2[Na],7,0.6050780007767003,416.4671219992233
3[Ph]1[Me1]1[Me2]1[Ox]1[Cys],7,0.6940780007766989,416.4671219992233
1[Ac]1[Me1]2[Me3]1[Ox]2[Cys]1[Na],8,0.021378000776735462,416.4671219992233
1[Me1]3[Me3]1[Ox]2[Cys]1[Na],8,0.06437800077674183,416.4671219992233
3[Ph]1[Ox]1[Cys]1[Cys-Cys]2[Na],8,0.5619780007766622,416.4671219992233
3[Ph]1[Me2]2[Ox]1[Cys]1[Cys-Cys],8,0.6509780007767176,416.4671219992233
1[Ph]3[Cys]2[Cys-Cys],6,0.8476043482006048,432.52739565179945
3[Ph]1[Ac]2[Ox]1[Cys],7,0.5901043482006116,432.52739565179945
5[Ph]2[Ox],7,0.6290956517994459,432.52739565179945
3[Ph]1[Me3]2[Ox]1[Cys],7,0.633104348200618,432.52739565179945
2[Ph]3[Ac]1[Me2]1[Cys],7,0.7380043482005476,432.52739565179945
2[Ph]2[Ac]1[Me2]1[Me3]1[Cys],7,0.781004348200554,432.52739565179945
2[Ph]1[Ac]1[Me2]2[Me3]1[Cys],7,0.8240043482005603,432.52739565179945
2[Ox]3[Cys]2[Na],7,0.8619043482005964,432.52739565179945
2[Ph]1[Me2]3[Me3]1[Cys],7,0.8670043482005667,432.52739565179945
4[Ph]4[Me2],8,0.39499565179943374,432.52739565179945
1[Ph]3[Cys]2[Cys-Cys],6,0.13510490817128584,433.51010490817134
2[Ph]1[Me1]2[Cys]1[Na],6,0.7426950918286366,433.51010490817134
2[Ox]3[Cys]2[Na],7,0.1208049081712943,433.51010490817134
2[Ph]1[Ox]2[Cys]1[Cys-Cys]1[Na],7,0.6995950918286553,433.51010490817134
1[Ph]2[Ac]2[Ox]2[Cys],7,0.8265950918286649,433.51010490817134
1[Ph]1[Ac]1[Me3]2[Ox]2[Cys],7,0.8695950918286712,433.51010490817134
5[Ph]1[Me1]1[Cys-Cys]1[Na],8,0.3818950918286532,433.51010490817134
4[Ph]1[Ac]1[Me2]2[Na],8,0.4629950918286454,433.51010490817134
4[Ph]1[Cys]3[Cys-Cys],8,0.49590490817132604,433.51010490817134
4[Ph]1[Me2]1[Me3]2[Na],8,0.5059950918286518,433.51010490817134
2[Ph]1[Me1]2[Cys]1[Na],6,0.1961256608722124,434.4489256608722
4[Ac]1[Me2]2[Cys],7,0.03567433912780871,434.4489256608722
3[Ac]1[Me2]1[Me3]2[Cys],7,0.07867433912781507,434.4489256608722
2[Ac]1[Me2]2[Me3]2[Cys],7,0.12167433912782144,434.4489256608722
1[Ac]1[Me2]3[Me3]2[Cys],7,0.1646743391278278,434.4489256608722
1[Me2]4[Me3]2[Cys],7,0.20767433912783417,434.4489256608722
4[Ph]1[Cys]2[Cys-Cys],7,0.5811743391278128,434.4489256608722
4[Ac]2[Me1]2[Cys],8,0.03567433912780871,434.4489256608722
3[Ac]2[Me1]1[Me3]2[Cys],8,0.07867433912781507,434.4489256608722
5[Ph]1[Me1]1[Cys-Cys]1[Na],8,0.5569256608721957,434.4489256608722
1[Ph]3[Cys]1[Cys-Cys],5,0.2512829879327114,435.64218298793276
2[Me2]3[Cys]1[Na],6,0.12708298793268114,435.64218298793276
2[Ph]1[Ox]2[Cys]1[Na],6,0.5834170120672297,435.64218298793276
5[Ph]1[Me1]1[Na],7,0.26571701206722764,435.64218298793276
2[Ph]1[Ac]2[Cys]2[Cys-Cys],7,0.6071170120672491,435.64218298793276
2[Ph]1[Me3]2[Cys]2[Cys-Cys],7,0.6501170120672555,435.64218298793276
5[Ph]1[Ox]1[Cys-Cys]1[Na],8,0.22261701206724638,435.64218298793276
4[Ph]2[Ac]2[Ox],8,0.34961701206725593,435.64218298793276
4[Ph]1[Ac]1[Me3]2[Ox],8,0.3926170120672623,435.64218298793276
3[Ph]2[Ox]1[Cys]2[Na],8,0.5977829879327601,435.64218298793276
1[Ph]3[Cys],4,0.8167293930412711,436.59007060695876
4[Ph]1[Cys]1[Cys-Cys],6,0.4559293930412309,436.59007060695876
1[Ac]1[Ox]3[Cys]1[Na],6,0.854729393041282,436.59007060695876
3[Ph]1[Ac]1[Me1]1[Cys]1[Na],7,0.53702939304128,436.59007060695876
3[Ph]1[Me1]1[Me3]1[Cys]1[Na],7,0.5800293930412863,436.59007060695876
5[Ph]1[Me1]1[Na],7,0.6821706069587776,436.59007060695876
1[Me1]3[Cys]3[Na],7,0.8088293930412647,436.59007060695876
1[Me1]4[Me3]1[Ox]2[Cys],8,0.03932939304127103,436.59007060695876
1[Ph]2[Me2]1[Me3]2[Cys]1[Cys-Cys]1[Na],8,0.1735706069587195,436.59007060695876
3[Ph]1[Ac]1[Ox]1[Cys]1[Cys-Cys]1[Na],8,0.4939293930412987,436.59007060695876
4[Ph]1[Me1]1[Cys]1[Cys-Cys],7,0.6024950918295531,450.47010490817047
3[Ph]1[Ac]1[Me2]1[Cys]1[Na],7,0.6835950918296021,450.47010490817047
3[Ph]1[Me2]1[Me3]1[Cys]1[Na],7,0.7265950918296085,450.47010490817047
2[Ac]2[Me3]2[Cys]2[Na],8,0.010895091829524972,450.47010490817047
4[Ac]1[Me2]1[Ox]2[Cys],8,0.013895091829567718,450.47010490817047
1[Ac]3[Me3]2[Cys]2[Na],8,0.05389509182953134,450.47010490817047
3[Ac]1[Me2]1[Me3]1[Ox]2[Cys],8,0.056895091829574085,450.47010490817047
4[Me3]2[Cys]2[Na],8,0.0968950918295377,450.47010490817047
2[Ac]1[Me2]2[Me3]1[Ox]2[Cys],8,0.09989509182958045,450.47010490817047
5[Ph]2[Me1]1[Na],8,0.5356049081704555,450.47010490817047
4[Ph]1[Me1]1[Cys],6,0.5751587756259937,452.513341224374
2[Ph]2[Me2]2[Cys]1[Cys-Cys],7,0.17844122437395527,452.513341224374
4[Ph]1[Ox]1[Cys]1[Cys-Cys],7,0.5320587756259556,452.513341224374
2[Ph]1[Ac]1[Ox]2[Cys]2[Cys-Cys],8,0.2646412243740315,452.513341224374
3[Ph]1[Me2]1[Cys]3[Na],8,0.5672587756259873,452.513341224374
3[Ph]1[Ac]1[Me1]1[Ox]1[Cys]1[Na],8,0.6131587756260615,452.513341224374
3[Ph]1[Me1]1[Me3]1[Ox]1[Cys]1[Na],8,0.656158775626011,452.513341224374
1[Ph]3[Cys]3[Cys-Cys]1[Na],8,0.8275587756260165,452.513341224374
1[Me2]3[Me3]1[Ox]2[Cys]2[Na],9,0.026558775625971975,452.513341224374
4[Ph]1[Me2]2[Me3]1[Cys-Cys]1[Na],9,0.4152412243739718,452.513341224374
1[Ph]1[Ox]3[Cys],5,0.07095166726992375,453.47715166726994
2[Ph]1[Ac]1[Me1]2[Cys],6,0.8305483327300749,453.47715166726994
2[Ph]2[Me2]2[Cys],6,0.873648332730113,453.47715166726994
1[Me3]2[Ox]3[Cys]1[Na],7,0.010048332730093534,453.47715166726994
2[Ac]1[Me1]3[Cys]1[Cys-Cys],7,0.033848332730087805,453.47715166726994
1[Ac]1[Me1]1[Me3]3[Cys]1[Cys-Cys],7,0.07684833273009417,453.47715166726994
1[Me1]2[Me3]3[Cys]1[Cys-Cys],7,0.11984833273010054,453.47715166726994
2[Me2]1[Me3]3[Cys]1[Cys-Cys],7,0.11994833273013228,453.47715166726994
2[Ph]1[Ac]1[Ox]2[Cys]1[Cys-Cys],7,0.7874483327300936,453.47715166726994
2[Ph]1[Me3]1[Ox]2[Cys]1[Cys-Cys],7,0.8304483327301,453.47715166726994
2[Ac]1[Me1]3[Cys],6,0.013893109552725491,455.5130068904473
1[Ac]1[Me1]1[Me3]3[Cys],6,0.05689310955273186,455.5130068904473
1[Me1]2[Me3]3[Cys],6,0.09989310955273822,455.5130068904473
4[Ph]1[Ox]1[Cys],6,0.45170689044732626,455.5130068904473
2[Ph]1[Ac]1[Ox]2[Cys],6,0.7674931095527313,455.5130068904473
2[Ph]1[Me3]1[Ox]2[Cys],6,0.8104931095527377,455.5130068904473
1[Ac]1[Me3]1[Ox]3[Cys]1[Cys-Cys],7,0.013793109552807437,455.5130068904473
2[Me3]1[Ox]3[Cys]1[Cys-Cys],7,0.05679310955275696,455.5130068904473
2[Me1]1[Me2]1[Me3]3[Cys],7,0.09999310955276997,455.5130068904473
5[Ph]2[Me2],7,0.4928931095527105,455.5130068904473
1[Ph]3[Cys]1[Na],5,0.8258612937077601,458.5627387062923
4[Ph]1[Cys]1[Cys-Cys]1[Na],7,0.46506129370771987,458.5627387062923
3[Ph]2[Ac]1[Ox]1[Cys],7,0.5920612937077294,458.5627387062923
5[Ph]1[Ac]1[Ox],7,0.6271387062922713,458.5627387062923
3[Ph]1[Ac]1[Me3]1[Ox]1[Cys],7,0.6350612937077358,458.5627387062923
3[Ph]2[Me3]1[Ox]1[Cys],7,0.6780612937077422,458.5627387062923
1[Ac]1[Ox]3[Cys]2[Na],7,0.863861293707771,458.5627387062923
1[Ph]5[Me2]2[Cys],8,0.032238706292275765,458.5627387062923
3[Ph]1[Ac]1[Me1]1[Cys]2[Na],8,0.546161293707712,458.5627387062923
3[Ph]1[Me1]1[Me3]1[Cys]2[Na],8,0.5891612937077184,458.5627387062923
1[Ph]1[Me2]3[Cys],5,0.8098950918292758,464.65010490817076
1[Ph]2[Me1]3[Cys],6,0.8098950918292758,464.65010490817076
4[Ph]1[Me2]1[Cys]1[Cys-Cys],7,0.44909509182923557,464.65010490817076
3[Ph]2[Ac]1[Cys]1[Na],7,0.4870950918292465,464.65010490817076
3[Ph]1[Ac]1[Me3]1[Cys]1[Na],7,0.5300950918292529,464.65010490817076
3[Ph]2[Me3]1[Cys]1[Na],7,0.5730950918292592,464.65010490817076
5[Ph]1[Me3]1[Na],7,0.6891049081707479,464.65010490817076
1[Ac]3[Cys]3[Na],7,0.758895091829288,464.65010490817076
1[Ph]1[Me1]1[Ox]3[Cys]1[Cys-Cys],7,0.7667950918292945,464.65010490817076
1[Me3]3[Cys]3[Na],7,0.8018950918292944,464.65010490817076
2[Ac]1[Me2]3[Cys],6,0.8172293225233602,470.3707293225234
4[Cys]3[Cys-Cys],7,0.15077067747660067,470.3707293225234
5[Ph]1[Me2]1[Me3],7,0.338329322523407,470.3707293225234
4[Ph]2[Ox]1[Cys],7,0.6899706774765946,470.3707293225234
3[Ph]2[Ac]1[Me2]1[Cys],7,0.8378706774766442,470.3707293225234
1[Ph]3[Ac]1[Me2]2[Cys]1[Cys-Cys],8,0.04117067747665715,470.3707293225234
5[Ac]2[Cys]1[Na],8,0.07917067747661122,470.3707293225234
1[Ph]2[Ac]1[Me2]1[Me3]2[Cys]1[Cys-Cys],8,0.08417067747666351,470.3707293225234
4[Ac]1[Me3]2[Cys]1[Na],8,0.12217067747661758,470.3707293225234
5[Ph]1[Me1]2[Me2],8,0.3382293225234321,470.3707293225234
1[Ac]1[Me1]1[Me3]1[Ox]3[Cys],7,0.035210834136591984,471.5340891658634
1[Me1]2[Me3]1[Ox]3[Cys],7,0.07821083413659835,471.5340891658634
1[Ph]1[Me1]3[Cys]1[Cys-Cys]1[Na],7,0.1347891658633671,471.5340891658634
2[Ph]1[Ac]2[Ox]2[Cys],7,0.7458108341365914,471.5340891658634
2[Ph]1[Me3]2[Ox]2[Cys],7,0.7888108341365978,471.5340891658634
2[Me3]2[Ox]3[Cys]1[Cys-Cys],8,0.03511083413667393,471.5340891658634
2[Me1]1[Me2]1[Me3]1[Ox]3[Cys],8,0.07831083413663009,471.5340891658634
5[Ph]1[Me2]2[Na],8,0.382210834136572,471.5340891658634
5[Ph]1[Ac]1[Me1]1[Ox],8,0.42811083413658935,471.5340891658634
5[Ph]1[Me1]1[Me3]1[Ox],8,0.47111083413653887,471.5340891658634
4[Cys]2[Cys-Cys],6,0.15391553574693262,472.691315535747
1[Ph]1[Me1]3[Cys]1[Na],6,0.7238844642530466,472.691315535747
2[Ph]1[Me3]2[Ox]2[Cys],7,0.3684155357469763,472.691315535747
1[Ph]1[Ox]3[Cys]1[Cys-Cys]1[Na],7,0.6807844642530654,472.691315535747
2[Ac]2[Ox]3[Cys],7,0.8077844642530749,472.691315535747
1[Ac]1[Me3]2[Ox]3[Cys],7,0.8507844642530813,472.691315535747
4[Ph]1[Me1]1[Cys]1[Cys-Cys]1[Na],8,0.3630844642530633,472.691315535747
3[Ph]1[Ac]1[Me2]1[Cys]2[Na],8,0.4441844642529986,472.691315535747
3[Ph]1[Me2]1[Me3]1[Cys]2[Na],8,0.487184464253005,472.691315535747
5[Ph]1[Me1]1[Me3]1[Ox],8,0.6861155357470352,472.691315535747
4[Cys],4,0.1839688990240802,476.38523110097594
3[Ph]2[Cys]1[Cys-Cys],6,0.17683110097590315,476.38523110097594
2[Ph]2[Me2]2[Cys]1[Na],7,0.05263110097592971,476.38523110097594
4[Ph]1[Ox]1[Cys]1[Na],7,0.657868899024038,476.38523110097594
1[Ph]2[Ac]1[Me3]2[Ox]2[Cys],8,0.031168899024066832,476.38523110097594
1[Ph]1[Ac]2[Me3]2[Ox]2[Cys],8,0.0741688990240732,476.38523110097594
1[Ph]3[Me3]2[Ox]2[Cys],8,0.11716889902402272,476.38523110097594
5[Ac]1[Me2]2[Cys],8,0.13606889902405328,476.38523110097594
4[Ac]1[Me2]1[Me3]2[Cys],8,0.17906889902405965,476.38523110097594
6[Ph]2[Cys-Cys],8,0.5376311009758865,476.38523110097594
4[Cys],4,0.8631840940487336,477.43238409404876
3[Ph]2[Cys],5,0.7919159059512708,477.43238409404876
1[Ph]1[Me3]3[Cys]1[Cys-Cys],6,0.0382159059512901,477.43238409404876
1[Ph]1[Me1]1[Me2]3[Cys]1[Cys-Cys],7,0.038315905951264995,477.43238409404876
2[Ac]1[Me1]3[Cys]1[Na],7,0.07631590595127591,477.43238409404876
1[Ac]1[Me1]1[Me3]3[Cys]1[Na],7,0.11931590595122543,477.43238409404876
1[Me1]2[Me3]3[Cys]1[Na],7,0.1623159059512318,477.43238409404876
6[Ph]1[Cys-Cys],7,0.43111590595128746,477.43238409404876
2[Ph]1[Ac]1[Ox]2[Cys]1[Na],7,0.8299159059512249,477.43238409404876
2[Ph]1[Me3]1[Ox]2[Cys]1[Na],7,0.8729159059512313,477.43238409404876
3[Ph]2[Cys],5,0.14282199922473637,478.36712199922476
6[Ph]1[Cys-Cys],7,0.5036219992247197,478.36712199922476
4[Ph]1[Ac]1[Cys]1[Cys-Cys],7,0.7155780007752242,478.36712199922476
4[Ph]1[Me3]1[Cys]1[Cys-Cys],7,0.7585780007752305,478.36712199922476
2[Ph]2[Me3]2[Cys]2[Cys-Cys],8,0.004878000775249802,478.36712199922476
5[Ph]2[Me2]1[Na],8,0.3794219992247463,478.36712199922476
4[Ph]1[Me1]1[Me2]1[Cys]1[Cys-Cys],8,0.7586780007752623,478.36712199922476
3[Ph]2[Ac]1[Me1]1[Cys]1[Na],8,0.7966780007752732,478.36712199922476
3[Ph]1[Ac]1[Me1]1[Me3]1[Cys]1[Na],8,0.8396780007752795,478.36712199922476
4[Ph]3[Me1]1[Cys]1[Cys-Cys],9,0.7586780007752623,478.36712199922476
3[Ph]1[Me1]2[Cys],6,0.7407950918286588,491.51010490817134
1[Ph]2[Me2]3[Cys]1[Cys-Cys],7,0.012804908171290208,491.51010490817134
2[Ac]1[Me2]3[Cys]1[Na],7,0.025195091828720706,491.51010490817134
1[Ac]1[Me2]1[Me3]3[Cys]1[Na],7,0.06819509182867023,491.51010490817134
1[Me2]2[Me3]3[Cys]1[Na],7,0.1111950918286766,491.51010490817134
3[Ph]1[Ox]2[Cys]1[Cys-Cys],7,0.6976950918286775,491.51010490817134
2[Ac]2[Me1]3[Cys]1[Na],8,0.025195091828720706,491.51010490817134
1[Ac]2[Me1]1[Me3]3[Cys]1[Na],8,0.06819509182867023,491.51010490817134
2[Me1]2[Me3]3[Cys]1[Na],8,0.1111950918286766,491.51010490817134
6[Ph]1[Me1]1[Cys-Cys],8,0.3799950918286754,491.51010490817134
1[Ox]4[Cys],5,0.07144833273326867,492.49715166726673
3[Ph]1[Me1]2[Cys],6,0.24625166726673342,492.49715166726673
3[Ph]1[Ox]2[Cys]1[Cys-Cys],7,0.2893516672667147,492.49715166726673
4[Cys]3[Cys-Cys]1[Na],8,0.006148332733289408,492.49715166726673
4[Ph]2[Ox]1[Cys]1[Na],8,0.5453483327332833,492.49715166726673
4[Ph]1[Ac]1[Me1]1[Cys]1[Cys-Cys],8,0.612148332733284,492.49715166726673
4[Ph]1[Me1]1[Me3]1[Cys]1[Cys-Cys],8,0.6551483327332903,492.49715166726673
4[Ph]2[Me2]1[Cys]1[Cys-Cys],8,0.6552483327332652,492.49715166726673
3[Ph]2[Ac]1[Me2]1[Cys]1[Na],8,0.693248332733333,492.49715166726673
3[Ph]1[Ac]1[Me2]1[Me3]1[Cys]1[Na],8,0.7362483327333393,492.49715166726673
3[Ph]1[Ox]2[Cys],6,0.2570826799224051,494.4807826799224
4[Cys]2[Cys-Cys]1[Na],7,0.03841732007765586,494.4807826799224
6[Ph]1[Me1],7,0.5747826799224072,494.4807826799224
4[Ph]1[Ac]1[Me1]1[Cys],7,0.6444173200775936,494.4807826799224
4[Ph]1[Me1]1[Me3]1[Cys],7,0.6874173200775999,494.4807826799224
1[Ph]1[Ac]1[Me2]2[Me3]2[Cys]1[Na],8,0.014817320077611384,494.4807826799224
1[Ph]1[Me2]3[Me3]2[Cys]1[Na],8,0.05781732007761775,494.4807826799224
4[Ph]1[Ac]1[Ox]1[Cys]1[Cys-Cys],8,0.6013173200775555,494.4807826799224
6[Ph]1[Ox]1[Cys-Cys],8,0.6178826799223884,494.4807826799224
4[Ph]1[Me3]1[Ox]1[Cys]1[Cys-Cys],8,0.6443173200775618,494.4807826799224
1[Ph]1[Ac]1[Ox]3[Cys],6,0.05217067747258852,495.3907293225275
1[Ph]1[Me3]1[Ox]3[Cys],6,0.09517067747253805,495.3907293225275
1[Ph]1[Me1]3[Cys]2[Na],7,0.006270677472571151,495.3907293225275
1[Ph]1[Me1]1[Me2]1[Ox]3[Cys],7,0.09527067747251294,495.3907293225275
6[Ph]1[Ox],7,0.4880706774725354,495.3907293225275
1[Ph]1[Me2]2[Ox]3[Cys]1[Cys-Cys],8,0.05217067747258852,495.3907293225275
2[Ac]2[Ox]3[Cys]1[Na],8,0.09017067747254259,495.3907293225275
1[Ph]3[Me1]1[Ox]3[Cys],8,0.09527067747251294,495.3907293225275
1[Ac]1[Me3]2[Ox]3[Cys]1[Na],8,0.13317067747254896,495.3907293225275
4[Ph]2[Me1]1[Me2]1[Cys],8,0.2224293225274323,495.3907293225275
4[Cys]1[Na],5,0.22387800077615339,498.3271219992239
2[Ph]1[Ac]1[Me3]1[Ox]2[Cys],7,0.0330780007761291,498.3271219992239
2[Ph]2[Me3]1[Ox]2[Cys],7,0.07607800077613547,498.3271219992239
1[Ph]1[Me2]2[Ox]3[Cys],7,0.8683219992238378,498.3271219992239
2[Ph]1[Ac]1[Me1]1[Me2]1[Ox]2[Cys],8,0.033178000776104,498.3271219992239
2[Ph]1[Me1]1[Me2]1[Me3]1[Ox]2[Cys],8,0.07617800077611037,498.3271219992239
5[Ph]2[Me2]1[Me3],8,0.24152199922389173,498.3271219992239
1[Me2]4[Cys]3[Cys-Cys],8,0.24757800077611591,498.3271219992239
4[Ph]1[Ox]1[Cys]2[Na],8,0.6977780007761112,498.3271219992239
4[Ph]1[Me2]2[Ox]1[Cys],8,0.7867780007761667,498.3271219992239
3[Ph]1[Me2]2[Cys]1[Cys-Cys],7,0.6514950918301565,503.6101049081699
2[Ph]2[Ac]2[Cys]1[Na],7,0.6894950918301106,503.6101049081699
2[Ph]1[Ac]1[Me3]2[Cys]1[Na],7,0.732495091830117,503.6101049081699
2[Ph]2[Me3]2[Cys]1[Na],7,0.7754950918301233,503.6101049081699
3[Me3]3[Cys]1[Cys-Cys]1[Na],8,0.021795091830199453,503.6101049081699
3[Ph]2[Me1]2[Cys]1[Cys-Cys],8,0.6514950918301565,503.6101049081699
2[Ph]1[Ac]1[Me1]1[Me2]2[Cys]1[Na],8,0.7325950918300919,503.6101049081699
2[Ph]1[Me1]1[Me2]1[Me3]2[Cys]1[Na],8,0.7755950918300982,503.6101049081699
1[Me1]2[Me3]3[Ox]3[Cys],9,0.0009950918301342426,503.6101049081699
6[Ph]1[Me2]2[Cys-Cys],9,0.2906950918301163,503.6101049081699
1[Ox]4[Cys]1[Na],6,0.15967067747260444,514.3907293225275
1[Ac]4[Cys]2[Cys-Cys],7,0.18337067747256697,514.3907293225275
1[Me3]4[Cys]2[Cys-Cys],7,0.22637067747257333,514.3907293225275
2[Ph]2[Me3]2[Ox]2[Cys],8,0.011870677472529678,514.3907293225275
1[Ph]4[Ac]1[Me2]2[Cys],8,0.0737706774725666,514.3907293225275
1[Ph]3[Ac]1[Me2]1[Me3]2[Cys],8,0.11677067747257297,514.3907293225275
1[Ph]2[Ac]1[Me2]2[Me3]2[Cys],8,0.15977067747257934,514.3907293225275
1[Ph]1[Ac]1[Me2]3[Me3]2[Cys],8,0.20277067747247202,514.3907293225275
1[Me1]1[Me2]4[Cys]2[Cys-Cys],8,0.22647067747254823,514.3907293225275
5[Ph]1[Cys]2[Cys-Cys],8,0.6192706774725139,514.3907293225275
2[Ph]3[Cys],5,0.16738916586018604,517.5540891658602
5[Ph]1[Cys]1[Cys-Cys],7,0.5281891658602262,517.5540891658602
3[Ph]1[Ac]2[Cys]1[Cys-Cys],7,0.6910108341398882,517.5540891658602
3[Ph]1[Me3]2[Cys]1[Cys-Cys],7,0.7340108341397809,517.5540891658602
6[Ph]1[Ox]1[Na],8,0.30651083413988545,517.5540891658602
4[Ph]2[Me2]1[Cys]1[Na],8,0.4039891658601391,517.5540891658602
3[Ph]1[Me1]1[Me2]2[Cys]1[Cys-Cys],8,0.7341108341397558,517.5540891658602
2[Ph]2[Ac]1[Me1]2[Cys]1[Na],8,0.7721108341397667,517.5540891658602
2[Ph]1[Ac]1[Me1]1[Me3]2[Cys]1[Na],8,0.815110834139773,517.5540891658602
2[Ph]1[Me1]2[Me3]2[Cys]1[Na],8,0.8581108341397794,517.5540891658602
1[Me2]4[Cys]1[Na],6,0.6340950918295221,525.9701049081705
4[Me3]3[Cys],7,0.22440490817041336,525.9701049081705
2[Me1]4[Cys]1[Na],7,0.6340950918295221,525.9701049081705
5[Ph]3[Ac],8,0.039495091829508056,525.9701049081705
5[Ph]2[Ac]1[Me3],8,0.08249509182951442,525.9701049081705
5[Ph]1[Ac]2[Me3],8,0.1254950918295208,525.9701049081705
5[Ph]3[Me3],8,0.16849509182952715,525.9701049081705
3[Me2]2[Me3]3[Cys],8,0.22420490817034988,525.9701049081705
3[Ph]3[Ox]2[Cys],8,0.2523950918296123,525.9701049081705
3[Ph]1[Me2]2[Cys]1[Cys-Cys]1[Na],8,0.27329509182959555,525.9701049081705
2[Ph]1[Ox]3[Cys],6,0.0019019600189267294,533.3841980399811
2[Me1]1[Me2]4[Cys],7,0.7085980399810978,533.3841980399811
1[Ph]1[Ac]2[Ox]3[Cys]1[Na],8,0.03990196001893764,533.3841980399811
1[Ph]1[Me3]2[Ox]3[Cys]1[Na],8,0.08290196001894401,533.3841980399811
1[Ph]2[Ac]1[Me1]3[Cys]1[Cys-Cys],8,0.10670196001888144,533.3841980399811
1[Ph]1[Ac]1[Me1]1[Me3]3[Cys]1[Cys-Cys],8,0.1497019600188878,533.3841980399811
3[Ac]1[Me2]3[Cys]1[Na],8,0.1878019600189873,533.3841980399811
1[Ph]1[Me1]2[Me3]3[Cys]1[Cys-Cys],8,0.19270196001889417,533.3841980399811
1[Ph]2[Me2]1[Me3]3[Cys]1[Cys-Cys],8,0.19280196001898275,533.3841980399811
2[Ac]1[Me2]1[Me3]3[Cys]1[Na],8,0.23080196001887998,533.3841980399811
1[Ac]1[Ox]4[Cys],6,0.2781780007761654,534.3271219992239
1[Me3]1[Ox]4[Cys],6,0.32117800077617176,534.3271219992239
3[Ph]1[Me1]1[Me3]2[Cys],7,0.0034780007761128218,534.3271219992239
1[Me1]4[Cys]2[Na],7,0.23227800077609118,534.3271219992239
1[Me1]1[Me2]1[Ox]4[Cys],7,0.32127800077614665,534.3271219992239
5[Ph]1[Ox]1[Cys],7,0.7140780007761123,534.3271219992239
3[Ph]2[Me1]1[Me2]2[Cys],8,0.0035780007760877197,534.3271219992239
1[Ox]4[Cys]1[Cys-Cys]2[Na],8,0.1891780007761099,534.3271219992239
1[Me2]2[Ox]4[Cys]1[Cys-Cys],8,0.2781780007761654,534.3271219992239
1[Ph]1[Ac]2[Me2]3[Cys]1[Cys-Cys],8,0.7931219992237857,534.3271219992239
1[Ac]1[Ox]4[Cys],6,0.8381736926704662,535.4434736926705
1[Ph]2[Ac]1[Me1]3[Cys],7,0.06332630732947564,535.4434736926705
1[Ph]1[Ac]1[Me1]1[Me3]3[Cys],7,0.106326307329482,535.4434736926705
1[Ph]1[Me1]2[Me3]3[Cys],7,0.14932630732948837,535.4434736926705
1[Ph]2[Me2]1[Me3]3[Cys],7,0.14942630732957696,535.4434736926705
3[Ph]1[Ac]1[Ox]2[Cys],7,0.8169263073295951,535.4434736926705
3[Ph]1[Me3]1[Ox]2[Cys],7,0.8599263073294878,535.4434736926705
1[Ph]2[Ac]1[Ox]3[Cys]1[Cys-Cys],8,0.020226307329494375,535.4434736926705
1[Ph]1[Ac]1[Me3]1[Ox]3[Cys]1[Cys-Cys],8,0.06322630732961443,535.4434736926705
6[Ph]2[Me2],8,0.5423263073295175,535.4434736926705
1[Me2]2[Ox]4[Cys],7,0.029884464251608733,536.5913155357484
2[Ph]3[Cys]1[Cys-Cys]1[Na],7,0.7612844642516166,536.5913155357484
1[Me3]4[Cys]2[Cys-Cys]1[Na],8,0.007584464251635836,536.5913155357484
2[Me1]2[Ox]4[Cys],8,0.029884464251608733,536.5913155357484
4[Ph]2[Ac]1[Me1]1[Cys],8,0.570584464251624,536.5913155357484
6[Ph]2[Me2],8,0.6055155357483955,536.5913155357484
4[Ph]1[Ac]1[Me1]1[Me3]1[Cys],8,0.6135844642515167,536.5913155357484
4[Ph]1[Me1]2[Me3]1[Cys],8,0.6565844642516367,536.5913155357484
1[Ph]1[Ac]1[Me1]3[Cys]2[Na],8,0.8423844642516087,536.5913155357484
4[Ph]1[Me1]3[Me2]1[Cys],9,0.6567844642515865,536.5913155357484
1[Me2]4[Cys]2[Na],7,0.13860434820230694,548.4473956517977
1[Ac]1[Me1]1[Ox]4[Cys],7,0.18450434820226747,548.4473956517977
1[Me1]1[Me3]1[Ox]4[Cys],7,0.22750434820227383,548.4473956517977
2[Me1]4[Cys]2[Na],8,0.13860434820230694,548.4473956517977
1[Ac]2[Ox]4[Cys]1[Cys-Cys],8,0.1414043482022862,548.4473956517977
1[Me3]2[Ox]4[Cys]1[Cys-Cys],8,0.18440434820229257,548.4473956517977
2[Me1]1[Me2]1[Ox]4[Cys],8,0.22760434820236242,548.4473956517977
5[Ph]1[Me1]1[Ox]1[Cys],8,0.620404348202328,548.4473956517977
1[Ph]4[Cys]4[Cys-Cys],9,0.03810434820229602,548.4473956517977
6[Ph]1[Me2]1[Me3]1[Cys-Cys],9,0.4509956517977116,548.4473956517977
1[Ac]2[Ox]4[Cys],7,0.7668796311953656,551.3715796311953
2[Ph]1[Me1]3[Cys]1[Cys-Cys]1[Na],8,0.007620368804737154,551.3715796311953
1[Ph]1[Ac]1[Me2]3[Cys]2[Na],8,0.08872036880472933,551.3715796311953
1[Ph]1[Me2]1[Me3]3[Cys]2[Na],8,0.1317203688047357,551.3715796311953
1[Ph]2[Ac]1[Me1]1[Ox]3[Cys],8,0.13462036880468986,551.3715796311953
1[Ph]1[Ac]1[Me1]1[Me3]1[Ox]3[Cys],8,0.17762036880469623,551.3715796311953
1[Ph]1[Me1]2[Me3]1[Ox]3[Cys],8,0.2206203688047026,551.3715796311953
1[Ph]1[Ac]2[Me1]3[Cys]2[Na],9,0.08872036880472933,551.3715796311953
1[Ph]2[Ac]2[Ox]3[Cys]1[Cys-Cys],9,0.0915203688047086,551.3715796311953
6[Ph]2[Me2]1[Ox],9,0.613620368804618,551.3715796311953
1[Ph]4[Cys]2[Cys-Cys],7,0.11651732007942428,552.4007826799207
2[Ph]3[Ac]1[Me2]2[Cys],8,0.00691732007931023,552.4007826799207
2[Ph]2[Ac]1[Me2]1[Me3]2[Cys],8,0.04991732007943028,552.4007826799207
2[Ph]1[Ac]1[Me2]2[Me3]2[Cys],8,0.09291732007932296,552.4007826799207
3[Ph]1[Me3]2[Ox]2[Cys],8,0.09798267992061938,552.4007826799207
2[Ox]4[Cys]2[Na],8,0.13081732007935898,552.4007826799207
2[Ph]1[Me2]3[Me3]2[Cys],8,0.13591732007932933,552.4007826799207
1[Ac]1[Me1]4[Cys]1[Cys-Cys]1[Na],8,0.19761732007930277,552.4007826799207
1[Me2]3[Ox]4[Cys],8,0.21981732007930077,552.4007826799207
1[Me1]1[Me3]4[Cys]1[Cys-Cys]1[Na],8,0.24061732007930914,552.4007826799207
2[Ph]1[Me1]3[Cys]1[Na],7,0.03603990038550364,553.4311399003855
1[Ph]2[Ac]2[Ox]3[Cys],8,0.047860099614581486,553.4311399003855
1[Ph]1[Ac]1[Me3]2[Ox]3[Cys],8,0.09086009961458785,553.4311399003855
1[Ph]2[Me3]2[Ox]3[Cys],8,0.13386009961459422,553.4311399003855
4[Ac]1[Me2]3[Cys],8,0.19576009961463114,553.4311399003855
3[Ac]1[Me2]1[Me3]3[Cys],8,0.2387600996146375,553.4311399003855
2[Ac]1[Me2]2[Me3]3[Cys],8,0.2817600996145302,553.4311399003855
1[Ac]1[Me2]3[Me3]3[Cys],8,0.32476009961465024,553.4311399003855
1[Me2]4[Me3]3[Cys],8,0.3677600996145429,553.4311399003855
4[Ph]2[Cys]2[Cys-Cys],8,0.7412600996145784,553.4311399003855
1[Ph]4[Cys]1[Cys-Cys],6,0.16796889902093426,554.3652311009791
1[Ac]1[Me1]4[Cys]1[Na],7,0.24906889902081275,554.3652311009791
1[Me1]1[Me3]4[Cys]1[Na],7,0.2920688990208191,554.3652311009791
4[Ph]2[Cys]2[Cys-Cys],8,0.19283110097910594,554.3652311009791
1[Ac]1[Ox]4[Cys]1[Cys-Cys]1[Na],8,0.20596889902094517,554.3652311009791
1[Me3]1[Ox]4[Cys]1[Cys-Cys]1[Na],8,0.24896889902083785,554.3652311009791
2[Me1]1[Me2]4[Cys]1[Na],8,0.2921688990209077,554.3652311009791
5[Ph]1[Me1]1[Cys]1[Na],8,0.6849688990208733,554.3652311009791
2[Ph]1[Ac]1[Me2]1[Me3]2[Cys]2[Na],9,0.012368899020884783,554.3652311009791
5[Ph]1[Me2]3[Me3],9,0.1734311009792009,554.3652311009791
3[Ph]1[Ac]1[Me3]2[Cys],7,0.03357800078015316,562.3071219992198
3[Ph]2[Me3]2[Cys],7,0.07657800078027321,562.3071219992198
1[Ac]4[Cys]2[Na],7,0.2623780007802452,562.3071219992198
1[Me3]4[Cys]2[Na],7,0.30537800078025157,562.3071219992198
1[Ac]1[Me2]1[Ox]4[Cys],7,0.351378000780187,562.3071219992198
1[Me2]1[Me3]1[Ox]4[Cys],7,0.39437800078019336,562.3071219992198
3[Ph]1[Ac]1[Me1]1[Me2]2[Cys],8,0.03367800078012806,562.3071219992198
3[Ph]1[Me1]1[Me2]1[Me3]2[Cys],8,0.07667800078024811,562.3071219992198
3[Ph]3[Me2]2[Cys],8,0.07677800078022301,562.3071219992198
1[Me1]1[Me2]4[Cys]2[Na],8,0.30547800078022647,562.3071219992198
2[Ph]4[Ac]2[Cys],8,0.08109509183304908,566.310104908167
2[Ph]3[Ac]1[Me3]2[Cys],8,0.12409509183305545,566.310104908167
2[Ph]2[Ac]2[Me3]2[Cys],8,0.16709509183306182,566.310104908167
2[Ph]1[Ac]3[Me3]2[Cys],8,0.2100950918329545,566.310104908167
1[Ph]1[Me1]4[Cys]2[Cys-Cys],8,0.2337950918330307,566.310104908167
2[Ph]4[Me3]2[Cys],8,0.25309509183307455,566.310104908167
1[Ac]3[Ox]4[Cys],8,0.2939950918330396,566.310104908167
1[Ac]1[Me2]4[Cys]1[Cys-Cys]1[Na],8,0.3148950918330229,566.310104908167
1[Me3]3[Ox]4[Cys],8,0.336995091833046,566.310104908167
1[Me2]1[Me3]4[Cys]1[Cys-Cys]1[Na],8,0.35789509183302926,566.310104908167
1[Ph]1[Me1]4[Cys]1[Cys-Cys],7,0.12264833273093245,568.4371516672691
1[Ac]1[Me2]4[Cys]1[Na],7,0.20374833273092463,568.4371516672691
1[Me2]1[Me3]4[Cys]1[Na],7,0.246748332730931,568.4371516672691
1[Ph]1[Ox]4[Cys]2[Cys-Cys],8,0.07954833273095119,568.4371516672691
1[Ac]2[Me1]4[Cys]1[Na],8,0.20374833273092463,568.4371516672691
2[Me1]1[Me3]4[Cys]1[Na],8,0.246748332730931,568.4371516672691
5[Ph]1[Me2]1[Cys]1[Na],8,0.6396483327309852,568.4371516672691
2[Ph]3[Me3]2[Cys]2[Na],9,0.009948332731028131,568.4371516672691
2[Ph]2[Ac]1[Me2]1[Me3]1[Ox]2[Cys],9,0.01294833273095719,568.4371516672691
1[Me2]4[Cys]1[Cys-Cys]3[Na],9,0.11474833273098284,568.4371516672691
1[Me1]5[Cys],6,0.5990516672632111,610.3371516672632
1[Ox]5[Cys]1[Cys-Cys],7,0.6421516672631924,610.3371516672632
1[Ph]2[Ox]4[Cys]1[Na],8,0.1925483327368056,610.3371516672632
1[Ph]1[Ac]1[Me1]4[Cys]1[Cys-Cys],8,0.2593483327367494,610.3371516672632
1[Ph]1[Me1]1[Me3]4[Cys]1[Cys-Cys],8,0.30234833273675576,610.3371516672632
1[Ph]2[Me2]4[Cys]1[Cys-Cys],8,0.30244833273684435,610.3371516672632
2[Ac]1[Me2]4[Cys]1[Na],8,0.3404483327367416,610.3371516672632
1[Ac]1[Me2]1[Me3]4[Cys]1[Na],8,0.38344833273674794,610.3371516672632
1[Me2]2[Me3]4[Cys]1[Na],8,0.4264483327367543,610.3371516672632
7[Ph]1[Me2]1[Na],9,0.44285166726331227,610.3371516672632
3[Ph]1[Ox]3[Cys],7,0.10707433913023578,613.2589256608699
5[Cys]2[Cys-Cys]1[Na],8,0.40257433913018303,613.2589256608699
1[Ph]2[Me1]1[Me2]4[Cys],8,0.6034256608697888,613.2589256608699
2[Ph]1[Ac]2[Ox]3[Cys]1[Na],9,0.145074339130133,613.2589256608699
2[Ph]1[Me3]2[Ox]3[Cys]1[Na],9,0.18807433913025307,613.2589256608699
2[Ph]2[Ac]1[Me1]3[Cys]1[Cys-Cys],9,0.2118743391301905,613.2589256608699
6[Ph]1[Ox]1[Cys]1[Cys-Cys],9,0.2537256608698044,613.2589256608699
2[Ph]1[Ac]1[Me1]1[Me3]3[Cys]1[Cys-Cys],9,0.25487433913019686,613.2589256608699
1[Ph]3[Ac]1[Me2]3[Cys]1[Na],9,0.29297433913018267,613.2589256608699
2[Ph]1[Me1]2[Me3]3[Cys]1[Cys-Cys],9,0.2978743391302032,613.2589256608699
1[Ph]1[Ac]1[Ox]4[Cys],7,0.18448977804519018,614.4007102219548
1[Ph]1[Me3]1[Ox]4[Cys],7,0.22748977804519654,614.4007102219548
4[Ph]2[Me2]2[Cys],8,0.0901102219547738,614.4007102219548
1[Ph]1[Me1]4[Cys]2[Na],8,0.13858977804522965,614.4007102219548
1[Ph]1[Me1]1[Me2]1[Ox]4[Cys],8,0.22758977804517144,614.4007102219548
6[Ph]1[Ox]1[Cys],8,0.6203897780452508,614.4007102219548
1[Ph]1[Ox]4[Cys]1[Cys-Cys]2[Na],9,0.09548977804524839,614.4007102219548
1[Ph]1[Me2]2[Ox]4[Cys]1[Cys-Cys],9,0.18448977804519018,614.4007102219548
2[Ac]2[Ox]4[Cys]1[Na],9,0.2224897780452011,614.4007102219548
2[Ph]2[Me2]1[Me3]3[Cys]1[Cys-Cys],9,0.8438102219547545,614.4007102219548
5[Cys]1[Cys-Cys]1[Na],7,0.39216889902263574,615.2852311009774
2[Ph]2[Ac]1[Me1]3[Cys],8,0.2014688990226432,615.2852311009774
2[Ph]1[Ac]1[Me1]1[Me3]3[Cys],8,0.24446889902264957,615.2852311009774
2[Ph]1[Ac]2[Me2]3[Cys],8,0.24456889902262446,615.2852311009774
2[Ph]1[Me1]2[Me3]3[Cys],8,0.28746889902265593,615.2852311009774
3[Ph]3[Cys]2[Cys-Cys]1[Na],9,0.03136889902270923,615.2852311009774
2[Ph]2[Ac]1[Ox]3[Cys]1[Cys-Cys],9,0.15836889902266194,615.2852311009774
2[Ph]1[Ac]1[Me3]1[Ox]3[Cys]1[Cys-Cys],9,0.2013688990226683,615.2852311009774
2[Ph]2[Me3]1[Ox]3[Cys]1[Cys-Cys],9,0.24436889902267467,615.2852311009774
7[Ph]2[Me2],9,0.6804688990225713,615.2852311009774
5[Cys]1[Cys-Cys]1[Na],7,0.7806817607856829,616.4580817607857
1[Ph]1[Ox]4[Cys]2[Na],8,0.054018239214315145,616.4580817607857
1[Ph]1[Me2]2[Ox]4[Cys],8,0.14301823921437062,616.4580817607857
4[Ph]1[Ac]1[Ox]2[Cys],8,0.21778176078578326,616.4580817607857
3[Ac]1[Me1]4[Cys],8,0.24781823921432533,616.4580817607857
2[Ac]1[Me1]1[Me3]4[Cys],8,0.2908182392143317,616.4580817607857
1[Ac]1[Me1]2[Me3]4[Cys],8,0.3338182392142244,616.4580817607857
1[Me1]3[Me3]4[Cys],8,0.37681823921434443,616.4580817607857
1[Ph]1[Ac]4[Cys]2[Cys-Cys]1[Na],9,0.07771823921439136,616.4580817607857
7[Ph]2[Me2],9,0.49238176078574725,616.4580817607857
2[Ox]5[Cys],7,0.5570956517974537,628.2673956517974
4[Ph]1[Ac]1[Me2]2[Cys],8,0.026704348202656547,628.2673956517974
4[Ph]1[Me2]1[Me3]2[Cys],8,0.06970434820254923,628.2673956517974
1[Ph]1[Me2]4[Cys]2[Na],8,0.29850434820264127,628.2673956517974
1[Ph]1[Ac]1[Me1]1[Ox]4[Cys],8,0.3444043482026018,628.2673956517974
1[Ph]1[Me1]1[Me3]1[Ox]4[Cys],8,0.38740434820260816,628.2673956517974
4[Ph]1[Ac]2[Me1]2[Cys],9,0.026704348202656547,628.2673956517974
4[Ph]2[Me1]1[Me3]2[Cys],9,0.06970434820254923,628.2673956517974
1[Ph]2[Me1]4[Cys]2[Na],9,0.29850434820264127,628.2673956517974
6[Ph]1[Me1]1[Ox]1[Cys],9,0.7803043482026624,628.2673956517974
3[Ph]2[Ox]3[Cys],8,0.05529509183315895,629.310104908167
2[Ph]2[Ac]1[Me2]3[Cys],8,0.20319509183309492,629.310104908167
2[Ph]1[Ac]1[Me2]1[Me3]3[Cys],8,0.2461950918331013,629.310104908167
2[Ph]1[Me2]2[Me3]3[Cys],8,0.28919509183310765,629.310104908167
1[Me1]5[Cys]1[Cys-Cys]1[Na],8,0.39389509183308746,629.310104908167
2[Ph]2[Ac]2[Me1]3[Cys],9,0.20319509183309492,629.310104908167
2[Ph]1[Ac]2[Me1]1[Me3]3[Cys],9,0.2461950918331013,629.310104908167
2[Ph]2[Me1]2[Me3]3[Cys],9,0.28919509183310765,629.310104908167
1[Ox]5[Cys]2[Cys-Cys]1[Na],9,0.3507950918331062,629.310104908167
7[Ph]1[Me2]1[Me3],9,0.6820950918329345,629.310104908167
1[Me1]5[Cys]1[Na],7,0.44722199922034633,632.1671219992204
2[Ph]4[Cys]2[Cys-Cys],8,0.330078000779622,632.1671219992204
4[Ph]1[Ac]2[Ox]2[Cys],9,0.07257800077968568,632.1671219992204
4[Ph]1[Me3]2[Ox]2[Cys],9,0.11557800077957836,632.1671219992204
3[Ph]3[Ac]1[Me2]2[Cys],9,0.22047800077962165,632.1671219992204
3[Ph]2[Ac]1[Me2]1[Me3]2[Cys],9,0.263478000779628,632.1671219992204
3[Ph]1[Ac]1[Me2]2[Me3]2[Cys],9,0.3064780007796344,632.1671219992204
1[Ph]2[Ox]4[Cys]2[Na],9,0.3443780007796704,632.1671219992204
3[Ph]1[Me2]3[Me3]2[Cys],9,0.34947800077964075,632.1671219992204
3[Ph]1[Me1]3[Cys]1[Cys-Cys]1[Na],9,0.8080219992202728,632.1671219992204
1[Ox]5[Cys]1[Na],7,0.40850196001747463,633.2841980399826
3[Ph]1[Me1]3[Cys]1[Na],8,0.0908019600174157,633.2841980399826
1[Ac]5[Cys]2[Cys-Cys],8,0.43220196001743716,633.2841980399826
1[Me3]5[Cys]2[Cys-Cys],8,0.4752019600174435,633.2841980399826
3[Ph]1[Ox]3[Cys]1[Cys-Cys]1[Na],9,0.04770196001754812,633.2841980399826
2[Ph]2[Ac]2[Ox]3[Cys],9,0.17470196001750082,633.2841980399826
2[Ph]1[Ac]1[Me3]2[Ox]3[Cys],9,0.2177019600173935,633.2841980399826
2[Ph]2[Me3]2[Ox]3[Cys],9,0.26070196001751356,633.2841980399826
1[Ph]4[Ac]1[Me2]3[Cys],9,0.3226019600174368,633.2841980399826
5[Ph]2[Cys]2[Cys-Cys],9,0.868101960017384,633.2841980399826
2[Ph]4[Cys]1[Cys-Cys],7,0.2396263073277396,634.2734736926723
1[Ph]1[Ac]1[Me1]4[Cys]1[Na],8,0.3207263073277318,634.2734736926723
1[Ph]1[Me1]1[Me3]4[Cys]1[Na],8,0.36372630732773814,634.2734736926723
1[Ph]2[Me2]4[Cys]1[Na],8,0.3638263073278267,634.2734736926723
1[Ph]1[Ac]1[Ox]4[Cys]1[Cys-Cys]1[Na],9,0.2776263073277505,634.2734736926723
1[Ph]1[Me3]1[Ox]4[Cys]1[Cys-Cys]1[Na],9,0.3206263073277569,634.2734736926723
1[Ph]2[Me1]1[Me2]4[Cys]1[Na],9,0.3638263073278267,634.2734736926723
3[Ac]2[Ox]4[Cys],9,0.4046263073278169,634.2734736926723
2[Ac]1[Me3]2[Ox]4[Cys],9,0.4476263073277096,634.2734736926723
1[Ph]1[Me2]4[Me3]3[Cys],9,0.4946736926722224,634.2734736926723
1[Ph]2[Me3]4[Cys],7,0.718895651800949,641.4273956518009
1[Me1]2[Ox]5[Cys],8,0.30950434819908423,641.4273956518009
6[Ph]1[Me3]1[Cys],8,0.32599565180089485,641.4273956518009
4[Ph]2[Ac]2[Cys],8,0.8502043481990995,641.4273956518009
2[Ph]3[Ac]3[Cys]1[Cys-Cys],9,0.05350434819911243,641.4273956518009
2[Ph]2[Ac]1[Me3]3[Cys]1[Cys-Cys],9,0.09650434819923248,641.4273956518009
2[Ph]1[Ac]2[Me3]3[Cys]1[Cys-Cys],9,0.13950434819912516,641.4273956518009
2[Ph]3[Me3]3[Cys]1[Cys-Cys],9,0.18250434819913153,641.4273956518009
3[Ox]5[Cys]1[Cys-Cys],9,0.26640434819910297,641.4273956518009
1[Ph]2[Me1]2[Me2]4[Cys],9,0.7186956518008856,641.4273956518009
2[Ph]3[Ac]3[Cys],8,0.1666950918290695,643.330104908171
2[Ph]2[Ac]1[Me3]3[Cys],8,0.20969509182896218,643.330104908171
2[Ph]1[Ac]2[Me3]3[Cys],8,0.25269509182908223,643.330104908171
2[Ph]3[Me3]3[Cys],8,0.2956950918289749,643.330104908171
3[Ox]5[Cys],8,0.37959509182894635,643.330104908171
1[Me2]5[Cys]1[Cys-Cys]1[Na],8,0.4004950918289296,643.330104908171
3[Ph]1[Me1]2[Ox]3[Cys],9,0.0618950918290011,643.330104908171
2[Ph]2[Ac]1[Me1]1[Me2]3[Cys],9,0.20979509182893707,643.330104908171
2[Ph]1[Ac]1[Me1]1[Me2]1[Me3]3[Cys],9,0.25279509182894344,643.330104908171
7[Ph]2[Me3],9,0.6885950918289154,643.330104908171
2[Ph]1[Me1]4[Cys]1[Cys-Cys],8,0.27550196002152916,648.2641980399785
1[Ph]1[Ac]1[Me2]4[Cys]1[Na],8,0.35660196002152134,648.2641980399785
1[Ph]1[Me2]1[Me3]4[Cys]1[Na],8,0.3996019600215277,648.2641980399785
2[Ph]1[Ox]4[Cys]2[Cys-Cys],9,0.2324019600215479,648.2641980399785
1[Ph]1[Ac]2[Me1]4[Cys]1[Na],9,0.35660196002152134,648.2641980399785
1[Ph]2[Me1]1[Me3]4[Cys]1[Na],9,0.3996019600215277,648.2641980399785
6[Ph]1[Me2]1[Cys]1[Na],9,0.7925019600215819,648.2641980399785
4[Ph]1[Me3]3[Ox]2[Cys],10,0.017901960021504237,648.2641980399785
3[Ph]3[Ac]2[Cys]2[Na],10,0.03380196002149205,648.2641980399785
4[Ph]1[Me2]1[Me3]2[Cys]1[Cys-Cys]1[Na],10,0.03880196002160119,648.2641980399785
2[Ph]1[Me1]4[Cys],7,0.29036889901942686,650.2652311009806
2[Ph]1[Ox]4[Cys]1[Cys-Cys],8,0.2472688990194456,650.2652311009806
2[Me2]5[Cys]1[Cys-Cys],8,0.46323110098057896,650.2652311009806
4[Ph]1[Ac]1[Me2]2[Cys]1[Na],9,0.010668899019492528,650.2652311009806
4[Ph]1[Me2]1[Me3]2[Cys]1[Na],9,0.05366889901938521,650.2652311009806
1[Ph]1[Me2]4[Cys]3[Na],9,0.28246889901947725,650.2652311009806
1[Ph]1[Ac]1[Me1]1[Ox]4[Cys]1[Na],9,0.3283688990194378,650.2652311009806
1[Ph]1[Me1]1[Me3]1[Ox]4[Cys]1[Na],9,0.37136889901944414,650.2652311009806
2[Me1]1[Me2]5[Cys]1[Cys-Cys],9,0.46323110098069264,650.2652311009806
6[Ph]1[Me1]1[Ox]1[Cys]1[Na],10,0.7642688990194983,650.2652311009806
1[Ac]1[Me1]5[Cys],7,0.5176483327312553,651.2571516672688
1[Me1]1[Me3]5[Cys],7,0.5606483327312617,651.2571516672688
2[Ph]1[Me1]4[Cys],7,0.7015516672687454,651.2571516672688
1[Ac]1[Ox]5[Cys]1[Cys-Cys],8,0.47454833273127406,651.2571516672688
1[Me3]1[Ox]5[Cys]1[Cys-Cys],8,0.5175483327312804,651.2571516672688
2[Me1]1[Me2]5[Cys],8,0.5607483327311229,651.2571516672688
3[Ph]2[Ox]3[Cys]1[Na],9,0.09004833273138502,651.2571516672688
3[Ph]1[Ac]1[Me1]3[Cys]1[Cys-Cys],9,0.15684833273121512,651.2571516672688
3[Ph]1[Me1]1[Me3]3[Cys]1[Cys-Cys],9,0.19984833273133518,651.2571516672688
4[Me1]5[Cys],9,0.5607483327312366,651.2571516672688
2[Ph]1[Ox]4[Cys],7,0.22127800078021664,652.3071219992198
5[Ph]1[Me1]2[Cys],8,0.09642199921984229,652.3071219992198
1[Ph]1[Ac]2[Ox]4[Cys]1[Na],9,0.25927800078022756,652.3071219992198
1[Ph]1[Me3]2[Ox]4[Cys]1[Na],9,0.3022780007802339,652.3071219992198
1[Ph]2[Ac]1[Me1]4[Cys]1[Cys-Cys],9,0.32607800078017135,652.3071219992198
1[Ph]1[Ac]1[Me1]1[Me3]4[Cys]1[Cys-Cys],9,0.3690780007801777,652.3071219992198
3[Ac]1[Me2]4[Cys]1[Na],9,0.4071780007802772,652.3071219992198
1[Ph]1[Me1]2[Me3]4[Cys]1[Cys-Cys],9,0.4120780007801841,652.3071219992198
2[Ac]1[Me2]1[Me3]4[Cys]1[Na],9,0.4501780007801699,652.3071219992198
3[Ph]2[Me2]3[Cys]1[Cys-Cys],9,0.8500219992197344,652.3071219992198
1[Ph]1[Me1]5[Cys],7,0.32789509183135124,689.3901049081687
1[Ph]1[Ox]5[Cys]1[Cys-Cys],8,0.2847950918312563,689.3901049081687
3[Ph]1[Ac]1[Me2]3[Cys]1[Na],9,0.048195091831303216,689.3901049081687
3[Ph]1[Me2]1[Me3]3[Cys]1[Na],9,0.09119509183142327,689.3901049081687
1[Me2]5[Cys]3[Na],9,0.31999509183128794,689.3901049081687
1[Ac]1[Me1]1[Ox]5[Cys]1[Na],9,0.36589509183136215,689.3901049081687
1[Me1]1[Me3]1[Ox]5[Cys]1[Na],9,0.40889509183125483,689.3901049081687
3[Ph]1[Ac]2[Me1]3[Cys]1[Na],10,0.048195091831303216,689.3901049081687
3[Ph]2[Me1]1[Me3]3[Cys]1[Na],10,0.09119509183142327,689.3901049081687
8[Ph]1[Me2]1[Na],10,0.4840950918312501,689.3901049081687
1[Ph]1[Ox]5[Cys],7,0.6122068904554681,692.3030068904554
2[Ph]1[Ac]1[Me1]4[Cys],8,0.2892931095445874,692.3030068904554
2[Ph]1[Me1]1[Me3]4[Cys],8,0.3322931095445938,692.3030068904554
2[Ph]2[Me2]4[Cys],8,0.3323931095445687,692.3030068904554
2[Ph]1[Ac]1[Ox]4[Cys]1[Cys-Cys],9,0.24619310954460616,692.3030068904554
2[Ph]1[Me3]1[Ox]4[Cys]1[Cys-Cys],9,0.2891931095446125,692.3030068904554
2[Ph]2[Me1]1[Me2]4[Cys],9,0.3323931095445687,692.3030068904554
2[Me2]1[Me3]5[Cys]1[Cys-Cys],9,0.42130689045541203,692.3030068904554
7[Ph]1[Me1]1[Cys],9,0.7251931095445343,692.3030068904554
5[Ph]2[Me2]2[Cys]1[Cys-Cys],10,0.028406890455471512,692.3030068904554
6[Cys]2[Cys-Cys],8,0.1053956518007908,710.9273956518009
1[Ph]1[Me1]5[Cys]1[Na],8,0.7724043481991885,710.9273956518009
1[Ph]1[Me2]3[Me3]4[Cys],9,0.08599565180088575,710.9273956518009
1[Ph]1[Ox]5[Cys]1[Cys-Cys]1[Na],9,0.7293043481990935,710.9273956518009
2[Ac]2[Ox]5[Cys],9,0.8563043481990462,710.9273956518009
7[Ph]2[Ox]1[Cys],10,0.07300434819899237,710.9273956518009
1[Ph]2[Me1]3[Me3]4[Cys],10,0.08599565180088575,710.9273956518009
6[Ph]2[Ac]1[Me2]1[Cys],10,0.22090434819915572,710.9273956518009
6[Ph]1[Ac]1[Me2]1[Me3]1[Cys],10,0.2639043481991621,710.9273956518009
6[Ph]1[Me2]2[Me3]1[Cys],10,0.30690434819916845,710.9273956518009
6[Cys]2[Cys-Cys],8,0.28872932252124883,711.1107293225214
1[Ph]1[Me1]5[Cys]1[Na],8,0.5890706774787304,711.1107293225214
1[Ph]1[Me2]3[Me3]4[Cys],9,0.2693293225213438,711.1107293225214
1[Ph]1[Ox]5[Cys]1[Cys-Cys]1[Na],9,0.5459706774786355,711.1107293225214
2[Ac]2[Ox]5[Cys],9,0.6729706774785882,711.1107293225214
1[Ac]1[Me3]2[Ox]5[Cys],9,0.7159706774785946,711.1107293225214
2[Me3]2[Ox]5[Cys],9,0.7589706774786009,711.1107293225214
6[Ph]2[Ac]1[Me2]1[Cys],10,0.03757067747869769,711.1107293225214
6[Ph]1[Ac]1[Me2]1[Me3]1[Cys],10,0.08057067747870406,711.1107293225214
7[Ph]2[Ox]1[Cys],10,0.11032932252146566,711.1107293225214
6[Cys]1[Cys-Cys],7,0.6126688990203775,712.2252311009797
1[Ph]1[Me1]5[Cys]1[Na],8,0.5254311009796311,712.2252311009797
3[Ph]4[Cys]2[Cys-Cys],9,0.25186889902033727,712.2252311009797
5[Ph]1[Me3]2[Ox]2[Cys],10,0.03736889902029361,712.2252311009797
4[Ph]3[Ac]1[Me2]2[Cys],10,0.1422688990203369,712.2252311009797
4[Ph]2[Ac]1[Me2]1[Me3]2[Cys],10,0.18526889902022958,712.2252311009797
4[Ph]1[Ac]1[Me2]2[Me3]2[Cys],10,0.22826889902034964,712.2252311009797
2[Ph]2[Ox]4[Cys]2[Na],10,0.26616889902027197,712.2252311009797
4[Ph]1[Me2]3[Me3]2[Cys],10,0.2712688990202423,712.2252311009797
1[Ph]3[Ac]1[Me1]1[Ox]4[Cys],10,0.45996889902028215,712.2252311009797
3[Ph]4[Cys],7,0.178795091828988,716.330104908171
1[Ph]1[Me3]5[Cys]1[Cys-Cys],8,0.5749049081709927,716.330104908171
6[Ph]2[Cys]1[Cys-Cys],9,0.1820049081709385,716.330104908171
2[Ph]1[Ac]1[Ox]4[Cys]1[Na],9,0.21679509182899892,716.330104908171
2[Ph]1[Me3]1[Ox]4[Cys]1[Na],9,0.2597950918290053,716.330104908171
2[Ph]1[Me1]4[Cys]3[Na],10,0.1708950918289247,716.330104908171
2[Ph]2[Ac]4[Cys]2[Cys-Cys],10,0.24049509182896145,716.330104908171
2[Ph]1[Me1]1[Me2]1[Ox]4[Cys]1[Na],10,0.2598950918289802,716.330104908171
2[Ph]1[Ac]1[Me3]4[Cys]2[Cys-Cys],10,0.2834950918289678,716.330104908171
1[Me1]3[Me2]5[Cys]1[Na],10,0.45060490817104437,716.330104908171
1[Ox]6[Cys],7,0.7224706774746892,730.1307293225254
3[Ph]1[Me1]4[Cys],8,0.40477067747451656,730.1307293225254
3[Ph]1[Ox]4[Cys]1[Cys-Cys],9,0.361670677474649,730.1307293225254
6[Ph]1[Me1]2[Cys]1[Cys-Cys],10,0.04397067747459005,730.1307293225254
5[Ph]1[Ac]1[Me2]2[Cys]1[Na],10,0.12507067747458223,730.1307293225254
5[Ph]1[Me2]1[Me3]2[Cys]1[Na],10,0.1680706774745886,730.1307293225254
2[Ph]1[Me2]4[Cys]3[Na],10,0.39687067747456695,730.1307293225254
2[Ph]1[Ac]1[Me1]1[Ox]4[Cys]1[Na],10,0.4427706774745275,730.1307293225254
2[Ph]1[Me1]1[Me3]1[Ox]4[Cys]1[Na],10,0.48577067747453384,730.1307293225254
6[Cys]3[Cys-Cys]1[Na],10,0.6571706774747099,730.1307293225254
1[Ox]6[Cys],7,0.3709980399775077,731.2241980399776
1[Ph]1[Ac]1[Me1]5[Cys],8,0.5305019600224341,731.2241980399776
1[Ph]1[Me1]1[Me3]5[Cys],8,0.5735019600224405,731.2241980399776
3[Ph]1[Me1]4[Cys],8,0.6886980399776803,731.2241980399776
1[Ph]1[Ac]1[Ox]5[Cys]1[Cys-Cys],9,0.48740196002245284,731.2241980399776
1[Ph]1[Me3]1[Ox]5[Cys]1[Cys-Cys],9,0.5304019600223455,731.2241980399776
1[Ph]2[Me1]1[Me2]5[Cys],9,0.5736019600223017,731.2241980399776
3[Ph]1[Ox]4[Cys]1[Cys-Cys],9,0.7317980399775479,731.2241980399776
4[Ph]2[Ox]3[Cys]1[Na],10,0.10290196002245011,731.2241980399776
1[Ph]4[Me1]5[Cys],10,0.5736019600224154,731.2241980399776
3[Ph]1[Ox]4[Cys],8,0.30306889902442435,732.2052311009757
6[Ph]1[Me1]2[Cys],9,0.014631100975634581,732.2052311009757
6[Cys]2[Cys-Cys]1[Na],9,0.5985688990244853,732.2052311009757
2[Ph]1[Ac]2[Ox]4[Cys]1[Na],10,0.3410688990243216,732.2052311009757
2[Ph]1[Me3]2[Ox]4[Cys]1[Na],10,0.38406889902444163,732.2052311009757
2[Ph]2[Ac]1[Me1]4[Cys]1[Cys-Cys],10,0.40786889902437906,732.2052311009757
2[Ph]1[Ac]1[Me1]1[Me3]4[Cys]1[Cys-Cys],10,0.45086889902438543,732.2052311009757
1[Ph]3[Ac]1[Me2]4[Cys]1[Na],10,0.48896889902437124,732.2052311009757
2[Ph]1[Me1]2[Me3]4[Cys]1[Cys-Cys],10,0.4938688990243918,732.2052311009757
3[Ph]1[Ac]1[Me2]1[Me3]3[Cys]1[Na],10,0.6872311009756231,732.2052311009757
1[Me1]1[Ox]6[Cys],8,0.15735166726744865,745.0371516672676
1[Ph]1[Ac]1[Me2]5[Cys],8,0.7441483327323795,745.0371516672676
1[Ph]1[Me2]1[Me3]5[Cys],8,0.7871483327323858,745.0371516672676
3[Ph]2[Me1]4[Cys],9,0.4750516672675076,745.0371516672676
1[Ph]1[Ac]2[Me1]5[Cys],9,0.7441483327323795,745.0371516672676
1[Ph]2[Me1]1[Me3]5[Cys],9,0.7871483327323858,745.0371516672676
4[Ph]1[Ac]1[Me2]3[Cys]1[Cys-Cys],10,0.38334833273245295,745.0371516672676
3[Ph]3[Ac]3[Cys]1[Na],10,0.42134833273246386,745.0371516672676
4[Ph]1[Me2]1[Me3]3[Cys]1[Cys-Cys],10,0.4263483327324593,745.0371516672676
6[Ph]1[Me2]2[Cys]1[Cys-Cys],10,0.8358516672675478,745.0371516672676
1[Ac]6[Cys]1[Cys-Cys],8,0.4244950918264294,754.4501049081737
1[Me3]6[Cys]1[Cys-Cys],8,0.4674950918264358,754.4501049081737
3[Ph]1[Ox]4[Cys]1[Na],9,0.039995091826313,754.4501049081737
1[Me1]1[Me2]6[Cys]1[Cys-Cys],9,0.4675950918264107,754.4501049081737
5[Ph]3[Cys]1[Cys-Cys],9,0.8603950918263763,754.4501049081737
3[Ph]1[Ac]4[Cys]2[Cys-Cys],10,0.06369509182638922,754.4501049081737
3[Ph]1[Me3]4[Cys]2[Cys-Cys],10,0.10669509182639558,754.4501049081737
6[Ph]1[Me1]2[Cys]1[Na],10,0.27770490817363225,754.4501049081737
6[Cys]2[Cys-Cys]2[Na],10,0.3354950918264876,754.4501049081737
1[Me2]1[Ox]6[Cys]2[Cys-Cys],10,0.4244950918264294,754.4501049081737
1[Ph]6[Cys]1[Cys-Cys],8,0.3674311009787061,793.1852311009789
2[Me2]6[Cys]1[Na],9,0.24323110097873268,793.1852311009789
2[Ph]1[Ox]5[Cys]1[Na],9,0.4672688990211782,793.1852311009789
5[Ph]1[Me1]3[Cys]1[Na],10,0.14956889902123294,793.1852311009789
2[Me1]1[Me2]6[Cys]1[Na],10,0.24323110097884637,793.1852311009789
2[Ph]1[Ac]5[Cys]2[Cys-Cys],10,0.4909688990211407,793.1852311009789
2[Ph]1[Me3]5[Cys]2[Cys-Cys],10,0.5339688990211471,793.1852311009789
5[Ph]1[Ox]3[Cys]1[Cys-Cys]1[Na],11,0.10646889902113799,793.1852311009789
4[Ph]2[Ac]2[Ox]3[Cys],11,0.23346889902120438,793.1852311009789
4[Ph]1[Ac]1[Me3]2[Ox]3[Cys],11,0.27646889902121075,793.1852311009789
2[Ph]1[Ac]5[Cys],8,0.5038019600191319,797.2041980399808
2[Ph]1[Me3]5[Cys],8,0.5468019600191383,797.2041980399808
2[Ph]1[Me1]1[Me2]5[Cys],9,0.5469019600191132,797.2041980399808
5[Ph]1[Ac]3[Cys]1[Cys-Cys],10,0.1430019600192054,797.2041980399808
5[Ph]1[Me3]3[Cys]1[Cys-Cys],10,0.18600196001921177,797.2041980399808
2[Ph]5[Cys]1[Cys-Cys]2[Na],10,0.4148019600191901,797.2041980399808
2[Ph]1[Me2]1[Ox]5[Cys]1[Cys-Cys],10,0.5038019600191319,797.2041980399808
1[Ph]2[Ac]1[Ox]5[Cys]1[Na],10,0.5418019600191428,797.2041980399808
2[Ph]3[Me1]5[Cys],10,0.5469019600191132,797.2041980399808
1[Ph]1[Ac]1[Me3]1[Ox]5[Cys]1[Na],10,0.5848019600191492,797.2041980399808
1[Ph]1[Me1]6[Cys],8,0.3768516672645319,809.2371516672647
1[Ph]1[Ox]6[Cys]1[Cys-Cys],9,0.41995166726462685,809.2371516672647
2[Ph]2[Ox]5[Cys]1[Na],10,0.41474833273525746,809.2371516672647
2[Ph]1[Ac]1[Me1]5[Cys]1[Cys-Cys],10,0.48154833273531494,809.2371516672647
2[Ph]1[Me1]1[Me3]5[Cys]1[Cys-Cys],10,0.5245483327353213,809.2371516672647
1[Ph]2[Ac]1[Me2]5[Cys]1[Na],10,0.5626483327353071,809.2371516672647
1[Ph]1[Ac]1[Me2]1[Me3]5[Cys]1[Na],10,0.6056483327351998,809.2371516672647
1[Ph]1[Me2]2[Me3]5[Cys]1[Na],10,0.6486483327353199,809.2371516672647
4[Ph]1[Me1]4[Cys]1[Cys-Cys],10,0.7376516672646858,809.2371516672647
8[Ph]1[Me2]1[Cys]1[Na],11,0.22065166726463303,809.2371516672647
4[Ph]1[Ox]4[Cys],9,0.34296889902202565,812.145231100978
2[Ac]1[Me1]6[Cys],9,0.8085688990221342,812.145231100978
1[Ac]1[Me1]1[Me3]6[Cys],9,0.8515688990221406,812.145231100978
7[Ph]1[Me1]2[Cys],10,0.025268899021966718,812.145231100978
1[Ph]6[Cys]2[Cys-Cys]1[Na],10,0.6384688990222003,812.145231100978
2[Ac]1[Ox]6[Cys]1[Cys-Cys],10,0.765468899022153,812.145231100978
1[Ac]1[Me3]1[Ox]6[Cys]1[Cys-Cys],10,0.8084688990221593,812.145231100978
2[Me3]1[Ox]6[Cys]1[Cys-Cys],10,0.8514688990221657,812.145231100978
3[Ph]1[Ac]2[Ox]4[Cys]1[Na],11,0.38096889902203657,812.145231100978
4[Ph]1[Me2]2[Me3]3[Cys]1[Na],11,0.6043311009779018,812.145231100978
